AriaId,Label_BasicPassion,Label_PassionA_primary,Label_PassionA_secundary,Label_PassionB,Label_Time,Label_Value,Label_Value2,Label_RoleType
0005,sadness,pity,generosity,-,Future,Negative,+-,Female lover 2
0023,sadness,pity,generosity,-,Future,Negative,+-,Female lover 2
0199,sadness,pity,generosity,-,Future,Negative,+-,Female lover 2
0202,sadness,pity,generosity,-,Future,Negative,+-,Female lover 2
0233,sadness,pity,generosity,-,Future,Negative,+-,Female lover 2
0257,desire,irresolution,irresolution,-,Future,Negative,+-,Male lover 1
0280,desire,irresolution,irresolution,-,Future,Negative,+-,Male lover 1
0285,desire,irresolution,irresolution,-,Future,Negative,+-,Male lover 1
0292,desire,irresolution,irresolution,-,Future,Negative,+-,Male lover 1
0311,desire,irresolution,irresolution,-,Future,Negative,+-,Male lover 1
0377,desire,irresolution,irresolution,-,Future,Negative,+-,Male lover 1
0384,sadness,pity,generosity,-,Future,Negative,+-,Male lover 1
0823,desire,despair,sadness,,Future,Negative,,Male lover 3
0850,love,love,pity,,Future,Positive,,Male lover 2
1,wonder,pride,pride,boldness,Present,Positive,++,Female lover 1
10,wonder,pride,pride,boldness,Present,Positive,++,Female lover 1
100,sadness,pity,pity,repulsion,Past,Negative,,Male lover 1
1000,wonder,pride,boldness,-,Future,Negative,,Male lover 1
1001,wonder,generosity,generosity,-,Present,Positive,,Male lover 2
1002,love,love,remorse,-,Future,Positive,,Male lover 1
1003,sadness,remorse,remorse,love,Future,Positive,,Female lover 1
1005,wonder,esteem,esteem,remorse,Present,Positive,,Male lover 2
1006,joy,mockery,mockery,-,Present,Negative,,"Female lover 1,Male lover 1"
1008,sadness,envy,envy,-,Past,Negative,,Female lover 2
101,desire,irresolution,irresolution,-,Future,Negative,+-,Male lover 1
1011,love,love,love,veneration,Present,Positive,,Female lover 1
1012,hatred,anger,anger,boldness,Present,Negative,,Male lover 1
1013,wonder,abjectness,abjectness,boldness,Present,Negative,,Antagonist
1015,sadness,distaste,distaste,mockery,Future,Negative,,Female lover 1
1016,sadness,shame,shame,pity,Future,Negative,,Male lover 2
1017,desire,jealousy,jealousy,anger,Present,Negative,,Male lover 1
1018,wonder,pride,boldness,-,Future,Negative,,Male lover 1
1019,wonder,generosity,generosity,-,Present,Positive,,Male lover 2
102,sadness,pity,pity,repulsion,Past,Negative,,Male lover 1
1020,wonder,contempt,aversion,-,Future,Negative,,Female lover 2
1021,love,love,remorse,-,Future,Positive,,Male lover 1
1022,sadness,remorse,remorse,love,Future,Positive,,Female lover 1
1025,wonder,esteem,esteem,remorse,Present,Positive,,Male lover 2
1026,joy,mockery,mockery,-,Present,Negative,,"Female lover 1,Male lover 1"
1029,sadness,repentance,repentance,shame,Future,Negative,,Antagonist
103,desire,irresolution,irresolution,-,Future,Negative,+-,Male lover 1
1031,sadness,pity,pity,despair,Present,Negative,,Female lover 1
1034,wonder,veneration,boldness,hope,Future,Positive,,Male lover 3
1035,wonder,pride,boldness,-,Future,Negative,,Male lover 1
1036,wonder,generosity,generosity,-,Present,Positive,,Male lover 2
1037,wonder,contempt,aversion,-,Future,Negative,,Female lover 2
1038,sadness,pity,pity,despair,Present,Negative,,Female lover 1
1039,love,love,remorse,-,Future,Positive,,Male lover 1
104,desire,irresolution,irresolution,-,Future,Negative,+-,Male lover 1
1040,sadness,remorse,remorse,love,Future,Positive,,Female lover 1
1041,desire,jealousy,jealousy,-,Future,Negative,,Male lover 1
1042,sadness,sadness,sadness,-,Present,Negative,,Male lover 3
1043,sadness,sadness,sadness,mockery,Past,Negative,,Male lover 3
1044,wonder,esteem,esteem,remorse,Present,Positive,,Male lover 2
1045,desire,boldness,boldness,love,Future,Positive,,Antagonist
1046,sadness,envy,envy,-,Past,Negative,,Female lover 2
1047,desire,hope,hope,-,Future,Positive,,Female lover 1
1048,wonder,veneration,veneration,contempt,Present,Positive,,Male lover 2
1049,love,love,love,veneration,Present,Positive,,Female lover 1
105,desire,irresolution,irresolution,-,Future,Negative,+-,Male lover 1
1050,hatred,anger,anger,boldness,Present,Negative,,Male lover 1
1051,wonder,abjectness,abjectness,boldness,Present,Negative,,Antagonist
1052,wonder,esteem,esteem,-,Present,Positive,,Male lover 2
1053,wonder,veneration,boldness,hope,Future,Positive,,Male lover 3
1054,wonder,pride,boldness,-,Future,Negative,,Male lover 1
1055,wonder,generosity,generosity,-,Present,Positive,,Male lover 2
1056,wonder,contempt,aversion,-,Future,Negative,,Female lover 2
1057,wonder,disdain,disdain,anger,Present,Negative,,Antagonist
1058,love,love,remorse,-,Future,Positive,,Male lover 1
1059,sadness,remorse,remorse,love,Future,Positive,,Female lover 1
106,desire,irresolution,irresolution,-,Future,Negative,+-,Male lover 1
1060,desire,jealousy,jealousy,-,Future,Negative,,Male lover 1
1061,desire,jealousy,jealousy,-,Future,Negative,,Male lover 1
1062,wonder,contempt,contempt,distaste,Present,Negative,,Female lover 2
1063,sadness,sadness,sadness,mockery,Past,Negative,,Male lover 3
1064,wonder,esteem,esteem,remorse,Present,Positive,,Male lover 2
1068,desire,jealousy,jealousy,anger,Present,Negative,,Male lover 1
1069,love,devotion,devotion,sadness,Future,Negative,,Male lover 3
107,desire,irresolution,irresolution,-,Future,Negative,+-,Male lover 1
1070,desire,fear,fear,sadness,Present,Negative,,Female lover 2
1071,sadness,pity,pity,despair,Present,Negative,,Female lover 1
1072,wonder,pride,boldness,-,Future,Negative,,Male lover 1
1073,wonder,generosity,generosity,-,Present,Positive,,Male lover 2
1074,wonder,contempt,aversion,-,Future,Negative,,Female lover 2
1075,love,love,remorse,-,Future,Positive,,Male lover 1
1076,sadness,remorse,remorse,love,Future,Positive,,Female lover 1
1078,joy,mockery,mockery,-,Present,Negative,,"Female lover 1,Male lover 1"
1079,sadness,envy,envy,-,Past,Negative,,Female lover 2
108,desire,irresolution,irresolution,-,Future,Negative,+-,Male lover 1
1081,love,love,love,veneration,Present,Positive,,Male lover 1
1082,wonder,abjectness,abjectness,boldness,Present,Negative,,Antagonist
1083,sadness,pity,pity,despair,Present,Negative,,Female lover 1
1084,wonder,veneration,boldness,hope,Future,Positive,,Male lover 3
1085,wonder,generosity,generosity,-,Present,Positive,,Male lover 2
1086,wonder,contempt,aversion,-,Future,Negative,,Female lover 2
1087,wonder,esteem,esteem,remorse,Present,Positive,,Male lover 2
1089,sadness,envy,envy,-,Past,Negative,,Female lover 2
109,desire,irresolution,irresolution,-,Future,Negative,+-,Male lover 1
1090,wonder,veneration,veneration,contempt,Present,Positive,,Male lover 2
1091,wonder,esteem,esteem,-,Present,Positive,,Male lover 2
1092,sadness,shame,shame,pity,Future,Negative,,Male lover 2
1093,desire,jealousy,jealousy,anger,Present,Negative,,Male lover 1
1094,love,devotion,devotion,sadness,Future,Negative,,Male lover 3
1095,desire,fear,fear,sadness,Present,Negative,,Female lover 2
1096,desire,fear,fear,-,Future,Negative,,Female lover 2
1097,sadness,sadness,sadness,-,Present,Negative,,Female lover 2
1098,wonder,pride,boldness,-,Future,Negative,,Male lover 1
1099,sadness,envy,envy,-,Past,Negative,,Female lover 2
11,sadness,sadness,sadness,-,Future,Negative,--,Female lover 1
110,sadness,pity,pity,-,Past,Negative,,Female lover 1
1100,love,love,remorse,-,Future,Positive,,Male lover 1
1101,sadness,remorse,remorse,love,Future,Positive,,Female lover 1
1102,joy,mockery,mockery,-,Present,Negative,,"Female lover 1,Male lover 1"
1103,wonder,abjectness,abjectness,boldness,Present,Negative,,Antagonist
1104,desire,boldness,boldness,love,Future,Positive,,Antagonist
1106,wonder,pride,pride,boldness,Present,Positive,,Senior ruler
1107,wonder,contempt,contempt,-,Present,Negative,,Female lover 2
1108,sadness,pity,pity,despair,Present,Negative,,Female lover 1
1109,wonder,veneration,boldness,hope,Future,Positive,,Male lover 3
111,sadness,pity,pity,-,Past,Negative,,Female lover 1
1110,wonder,pride,boldness,-,Future,Negative,,Male lover 1
1111,wonder,generosity,generosity,-,Present,Positive,,Male lover 2
1112,wonder,contempt,aversion,-,Future,Negative,,Female lover 2
1113,love,love,remorse,-,Future,Positive,,Male lover 1
1114,sadness,remorse,remorse,love,Future,Positive,,Female lover 1
1115,joy,mockery,mockery,-,Present,Negative,,"Female lover 1,Male lover 1,Male lover 2"
1116,love,love,remorse,-,Future,Positive,,Male lover 1
1117,love,love,love,veneration,Present,Positive,,Female lover 1
1118,desire,fear,fear,-,Future,Negative,,Male lover 3
1119,love,love,love,veneration,Present,Positive,,Female lover 1
112,desire,irresolution,irresolution,-,Future,Negative,+-,Male lover 1
1120,love,devotion,devotion,sadness,Future,Negative,,Antagonist
1121,sadness,envy,envy,-,Past,Negative,,Female lover 2
1122,love,love,love,veneration,Present,Positive,,Female lover 1
1123,desire,hope,hope,-,Future,Negative,,Male lover 1
1124,sadness,distaste,distaste,mockery,Future,Negative,,Female lover 1
1125,wonder,pride,boldness,-,Future,Negative,,Male lover 1
1126,sadness,shame,shame,pity,Future,Negative,,Male lover 2
1127,sadness,repentance,repentance,shame,Future,Negative,,Antagonist
1128,desire,jealousy,jealousy,-,Future,Negative,,Male lover 1
1129,desire,boldness,boldness,-,Future,Negative,,Male lover 1
113,sadness,pity,pity,-,Past,Negative,,Female lover 1
1130,wonder,pride,boldness,-,Future,Negative,,Male lover 1
1131,desire,fear,fear,sadness,Present,Negative,,Female lover 2
1132,wonder,generosity,generosity,-,Present,Positive,,Male lover 2
1133,joy,mockery,mockery,-,Present,Negative,,"Female lover 1,Male lover 1"
1134,wonder,contempt,aversion,-,Future,Negative,,Female lover 2
1135,love,love,remorse,-,Future,Positive,,Male lover 1
1136,love,devotion,devotion,sadness,Future,Negative,,Male lover 3
1137,sadness,repentance,repentance,shame,Future,Negative,,Antagonist
1138,sadness,remorse,remorse,love,Future,Positive,,Female lover 1
1139,wonder,disdain,disdain,anger,Present,Negative,,Antagonist
114,sadness,pity,pity,-,Past,Negative,,Female lover 1
1140,desire,jealousy,jealousy,anger,Present,Negative,,Male lover 1
1141,sadness,sadness,sadness,mockery,Past,Negative,,Male lover 3
1142,wonder,esteem,esteem,remorse,Present,Positive,,Male lover 2
1143,joy,mockery,mockery,-,Present,Negative,,"Female lover 1,Male lover 1"
1144,wonder,pride,pride,boldness,Present,Positive,++,Female lover 1
1145,sadness,pity,pity,anger,Future,Negative,+-,Female lover 1
1146,desire,irresolution,irresolution,-,Future,Negative,+-,Male lover 1
1147,wonder,abjectness,abjectness,-,Future,Negative,+-,Antagonist
1148,sadness,sadness,sadness,anger,Future,Negative,+-,Confidant
1149,sadness,envy,envy,-,Past,Negative,,Female lover 2
115,sadness,pity,pity,-,Past,Negative,,Female lover 1
1150,desire,jealousy,jealousy,-,Future,Negative,,Male lover 1
1151,love,love,love,veneration,Present,Positive,,Female lover 1
1152,wonder,esteem,esteem,-,Present,Positive,,Male lover 2
1153,wonder,abjectness,abjectness,boldness,Present,Negative,,Antagonist
1154,sadness,distaste,distaste,mockery,Future,Negative,,Female lover 1
1155,hatred,anger,anger,boldness,Present,Negative,,Male lover 1
1156,sadness,pity,pity,despair,Present,Negative,,Female lover 1
1157,sadness,sadness,sadness,-,Present,Negative,,Male lover 3
1158,sadness,shame,shame,pity,Future,Negative,,Male lover 2
1159,desire,despair,despair,-,Future,Negative,+-,Female lover 1
116,sadness,pity,pity,-,Past,Negative,,Female lover 1
1160,sadness,remorse,remorse,love,Future,Positive,,Female lover 1
1161,hatred,anger,anger,-,Present,Negative,--,Male lover 2
1162,sadness,repentance,repentance,shame,Past,Negative,+-,Male lover 1
1163,desire,jealousy,jealousy,anger,Present,Negative,,Male lover 1
1164,love,devotion,devotion,sadness,Future,Negative,,Male lover 3
1165,love,love,love,-,Present,Positive,-+,Female lover 2
1166,sadness,pity,pity,-,Future,Negative,+-,Female lover 1
1167,wonder,contempt,contempt,-,Future,Negative,+-,Male lover 2
1168,desire,boldness,boldness,love,Future,Positive,,Antagonist
1169,wonder,contempt,contempt,distaste,Present,Negative,,Female lover 2
117,sadness,pity,pity,-,Past,Negative,,Female lover 1
1170,joy,mockery,mockery,-,Present,Negative,,"Female lover 1,Male lover 1"
1171,desire,boldness,boldness,-,Future,Negative,,Male lover 1
1172,sadness,remorse,remorse,fear,Past,Negative,,Female lover 1
1173,wonder,pride,abjectness,-,Present,Negative,,Female lover 2
1174,wonder,contempt,contempt,astonishment,Future,Negative,,Confidant
1175,wonder,pride,pride,boldness,Present,Positive,,Senior ruler
1176,desire,fear,fear,-,Future,Negative,,Male lover 1
1177,wonder,contempt,contempt,-,Present,Negative,,Female lover 2
1178,sadness,remorse,remorse,fear,Past,Negative,,Female lover 1
1179,hatred,anger,anger,despair,Future,Negative,,Male lover 1
118,sadness,pity,pity,-,Past,Negative,,Female lover 1
1180,desire,hope,hope,esteem,Present,Positive,,Antagonist
1181,love,love,love,hope,Future,Positive,,Male lover 2
1182,hatred,anger,anger,-,Present,Negative,,Senior ruler
1183,wonder,contempt,contempt,astonishment,Future,Negative,,Confidant
1184,love,devotion,devotion,shame,Present,Positive,,Male lover 2
1185,desire,fear,fear,-,Present,Negative,,Senior ruler
1186,wonder,astonishment,astonishment,-,Present,Negative,,Female lover 1
1187,sadness,sadness,sadness,love,Future,Negative,,"Female lover 1,Male lover 1"
1188,wonder,veneration,boldness,hope,Future,Positive,,Male lover 3
1189,wonder,pride,boldness,-,Future,Negative,,Male lover 1
119,sadness,pity,pity,-,Past,Negative,,Female lover 1
1190,wonder,generosity,generosity,-,Present,Positive,,Male lover 2
1191,wonder,generosity,generosity,-,Present,Positive,,Male lover 2
1192,wonder,contempt,aversion,-,Future,Negative,,Female lover 2
1193,sadness,remorse,remorse,love,Future,Positive,,Female lover 1
1194,love,love,love,veneration,Present,Positive,,Female lover 1
1195,sadness,envy,envy,-,Past,Negative,,Female lover 2
1196,sadness,remorse,remorse,love,Future,Positive,,Female lover 1
1197,hatred,anger,anger,boldness,Present,Negative,,Male lover 1
1198,hatred,anger,anger,boldness,Present,Negative,,Male lover 1
1199,wonder,esteem,esteem,-,Present,Positive,,Male lover 2
12,wonder,pride,pride,boldness,Present,Positive,++,Female lover 1
120,sadness,pity,pity,-,Past,Negative,,Female lover 1
1200,sadness,sadness,sadness,-,Present,Negative,,Male lover 3
1201,love,love,remorse,-,Future,Positive,,Male lover 1
1202,sadness,distaste,distaste,mockery,Future,Negative,,Female lover 1
1203,hatred,anger,anger,boldness,Present,Negative,,Male lover 1
1204,wonder,generosity,generosity,-,Present,Positive,,Male lover 2
1205,wonder,contempt,aversion,-,Future,Negative,,Female lover 2
1206,wonder,disdain,disdain,anger,Present,Negative,,Antagonist
1207,desire,hope,hope,-,Future,Positive,,Female lover 1
1208,wonder,pride,pride,boldness,Present,Positive,,Senior ruler
1209,hatred,anger,anger,pity,Future,Negative,,Male lover 2
121,wonder,contempt,contempt,-,Future,Negative,+-,Male lover 2
1210,wonder,contempt,contempt,-,Present,Negative,,Female lover 2
1211,sadness,remorse,remorse,fear,Past,Negative,,Female lover 1
1212,desire,hope,hope,fear,Future,Negative,,Male lover 1
1213,hatred,anger,anger,despair,Future,Negative,,Male lover 1
1214,desire,hope,hope,esteem,Present,Positive,,Antagonist
1215,love,love,love,hope,Future,Positive,,Male lover 2
1216,joy,mockery,mockery,-,Present,Negative,,"Female lover 1,Male lover 1"
1217,love,love,remorse,-,Future,Positive,,Male lover 1
1218,sadness,pity,pity,despair,Present,Negative,,Female lover 1
1219,sadness,repentance,repentance,shame,Future,Negative,,Antagonist
122,sadness,pity,pity,-,Past,Negative,,Female lover 1
1220,desire,jealousy,jealousy,anger,Present,Negative,,Male lover 1
1221,joy,mockery,mockery,-,Present,Negative,,"Female lover 1,Male lover 1"
1222,sadness,remorse,remorse,love,Future,Positive,,Female lover 1
1223,sadness,sadness,sadness,mockery,Past,Negative,,Male lover 3
1224,sadness,envy,envy,-,Past,Negative,,Female lover 2
1225,wonder,esteem,esteem,-,Present,Positive,,Male lover 2
1226,hatred,anger,anger,-,Present,Negative,,Senior ruler
1227,sadness,sadness,sadness,love,Future,Negative,,"Female lover 1,Male lover 1"
1228,wonder,contempt,contempt,astonishment,Future,Negative,,Confidant
1229,love,devotion,devotion,shame,Present,Positive,,Male lover 2
123,wonder,contempt,contempt,-,Future,Negative,+-,Male lover 2
1230,desire,fear,fear,-,Present,Negative,,Senior ruler
1231,wonder,astonishment,astonishment,-,Present,Negative,,Female lover 1
1232,desire,hope,hope,-,Future,Positive,,Female lover 2
1233,desire,jealousy,jealousy,anger,Present,Negative,,Male lover 1
1234,love,devotion,devotion,sadness,Future,Negative,,Male lover 3
1235,sadness,pity,pity,despair,Present,Negative,,Female lover 1
1236,desire,boldness,boldness,love,Future,Positive,,Antagonist
1237,desire,hope,hope,-,Future,Positive,,Female lover 1
1238,desire,hope,hope,-,Future,Positive,,Female lover 2
1239,sadness,envy,envy,-,Past,Negative,,Female lover 2
124,wonder,contempt,contempt,-,Future,Negative,+-,Male lover 2
1240,love,love,love,veneration,Present,Positive,,Male lover 2
1241,desire,fear,fear,-,Future,Negative,,Male lover 1
1242,wonder,pride,abjectness,-,Present,Negative,,Female lover 2
1243,wonder,astonishment,astonishment,-,Present,Negative,,Female lover 1
1244,desire,boldness,boldness,-,Future,Negative,,Male lover 1
1245,sadness,sadness,sadness,-,Present,Negative,,Male lover 1
1246,wonder,pride,pride,boldness,Present,Positive,,Senior ruler
1247,hatred,anger,anger,boldness,Present,Negative,,Male lover 1
1248,love,love,love,veneration,Present,Positive,,Female lover 1
1249,wonder,esteem,esteem,-,Present,Positive,,Male lover 2
125,wonder,contempt,contempt,-,Future,Negative,+-,Male lover 2
1250,sadness,repentance,repentance,shame,Future,Negative,,Antagonist
1251,wonder,contempt,contempt,distaste,Present,Negative,,Female lover 2
1252,desire,fear,fear,sadness,Present,Negative,,Female lover 2
1253,love,love,love,veneration,Present,Positive,,Female lover 1
1254,wonder,contempt,aversion,-,Future,Negative,,Female lover 2
1255,wonder,contempt,contempt,distaste,Present,Negative,,Female lover 2
1256,desire,fear,fear,-,Future,Negative,,Female lover 2
1257,love,devotion,devotion,sadness,Future,Negative,,Male lover 3
1258,love,devotion,devotion,sadness,Future,Negative,,Male lover 3
1259,desire,fear,fear,-,Future,Negative,,Male lover 1
126,wonder,contempt,contempt,-,Future,Negative,+-,Male lover 2
1260,sadness,remorse,remorse,fear,Past,Negative,,Female lover 1
1261,desire,fear,fear,-,Future,Negative,,Male lover 1
1262,wonder,veneration,boldness,hope,Future,Positive,,Male lover 3
1263,wonder,pride,boldness,-,Future,Negative,,Male lover 1
1264,wonder,pride,boldness,-,Future,Negative,,Male lover 1
1265,wonder,astonishment,astonishment,-,Present,Negative,,Female lover 1
1266,wonder,generosity,generosity,-,Present,Positive,,Male lover 2
1267,wonder,contempt,aversion,-,Future,Negative,,Female lover 2
1269,wonder,generosity,generosity,-,Present,Positive,,Male lover 2
127,wonder,contempt,contempt,-,Future,Negative,+-,Male lover 2
1270,wonder,esteem,esteem,-,Present,Positive,,Male lover 2
1271,sadness,sadness,sadness,-,Present,Negative,,Male lover 3
1272,sadness,distaste,distaste,mockery,Future,Negative,,Female lover 1
1273,sadness,shame,shame,pity,Future,Negative,,Male lover 2
1274,love,love,remorse,-,Future,Positive,,Male lover 1
1275,sadness,remorse,remorse,love,Future,Positive,,Female lover 1
1276,desire,jealousy,jealousy,-,Future,Negative,,Male lover 1
1277,sadness,sadness,sadness,mockery,Past,Negative,,Male lover 3
1278,joy,mockery,mockery,-,Present,Negative,,"Female lover 1,Male lover 1"
1279,love,love,love,veneration,Present,Positive,,Female lover 1
128,wonder,contempt,contempt,-,Future,Negative,+-,Male lover 2
1280,hatred,anger,anger,boldness,Present,Negative,,Male lover 1
1281,sadness,sadness,sadness,-,Present,Negative,,Antagonist
1282,desire,fear,fear,-,Future,Negative,,Female lover 2
1283,sadness,repentance,repentance,shame,Future,Negative,,Antagonist
1284,desire,jealousy,jealousy,anger,Present,Negative,,Male lover 1
1285,desire,fear,fear,sadness,Present,Negative,,Female lover 2
1286,wonder,pride,abjectness,-,Present,Negative,,Female lover 2
1287,desire,hope,hope,esteem,Present,Positive,,Antagonist
1288,sadness,pity,pity,-,Past,Negative,,Female lover 1
1289,sadness,pity,pity,repulsion,Past,Negative,,Male lover 1
129,wonder,contempt,contempt,-,Future,Negative,+-,Male lover 2
1290,desire,fear,fear,-,Future,Negative,,Male lover 1
1291,wonder,contempt,aversion,-,Future,Negative,,Female lover 2
1292,love,love,remorse,-,Future,Positive,,Male lover 1
1293,sadness,remorse,remorse,love,Future,Positive,,Female lover 1
1294,wonder,contempt,contempt,distaste,Present,Negative,,Female lover 2
1295,love,love,love,veneration,Present,Positive,,Female lover 1
1296,desire,fear,fear,-,Future,Negative,,Female lover 2
1297,sadness,distaste,distaste,mockery,Future,Negative,,Female lover 1
1298,sadness,pity,pity,despair,Present,Negative,,Female lover 1
1299,wonder,contempt,aversion,-,Future,Negative,,Female lover 2
13,sadness,pity,pity,anger,Future,Negative,+-,Female lover 1
130,wonder,contempt,contempt,-,Future,Negative,+-,Male lover 2
1300,wonder,disdain,disdain,anger,Present,Negative,,Antagonist
1301,wonder,pride,boldness,-,Future,Negative,,Male lover 1
1302,sadness,remorse,remorse,love,Future,Positive,,Female lover 1
1303,joy,mockery,mockery,-,Present,Negative,,"Female lover 1,Male lover 1"
1304,desire,boldness,boldness,-,Future,Negative,,Male lover 1
1305,wonder,generosity,generosity,-,Present,Positive,,Male lover 2
1306,wonder,contempt,aversion,-,Future,Negative,,Female lover 2
1307,love,love,remorse,-,Future,Positive,,Male lover 1
1308,sadness,remorse,remorse,love,Future,Positive,,Female lover 1
1309,joy,mockery,mockery,-,Present,Negative,,"Female lover 1,Male lover 1"
131,wonder,contempt,contempt,-,Future,Negative,+-,Male lover 2
1310,sadness,envy,envy,-,Past,Negative,,Female lover 2
1311,wonder,veneration,boldness,hope,Future,Positive,,Male lover 3
1312,wonder,pride,boldness,-,Future,Negative,,Male lover 1
1313,wonder,disdain,disdain,anger,Present,Negative,,Antagonist
1314,sadness,sadness,sadness,-,Present,Negative,,Male lover 3
1315,hatred,anger,anger,boldness,Present,Negative,,Male lover 1
1316,wonder,pride,boldness,-,Future,Negative,,Male lover 1
1317,love,love,remorse,-,Future,Positive,,Male lover 1
1318,love,love,love,veneration,Present,Positive,,Female lover 1
1319,sadness,pity,pity,despair,Present,Negative,,Female lover 1
132,wonder,contempt,contempt,-,Future,Negative,+-,Male lover 2
1320,sadness,sadness,sadness,-,Present,Negative,,Male lover 3
1321,desire,jealousy,jealousy,-,Future,Negative,,Male lover 1
1322,love,love,love,veneration,Present,Positive,,Female lover 1
1323,hatred,anger,anger,boldness,Present,Negative,,Male lover 1
1324,wonder,esteem,esteem,-,Present,Positive,,Male lover 2
1325,sadness,shame,shame,pity,Future,Negative,,Male lover 2
1326,desire,jealousy,jealousy,anger,Present,Negative,,Male lover 1
1327,wonder,generosity,generosity,-,Present,Positive,,Male lover 2
1328,wonder,disdain,disdain,anger,Present,Negative,,Antagonist
1329,desire,jealousy,jealousy,-,Future,Negative,,Male lover 1
1330,love,love,love,veneration,Present,Positive,,Male lover 2
1331,wonder,generosity,generosity,-,Present,Positive,,Male lover 2
1332,desire,boldness,boldness,-,Future,Negative,,Male lover 1
1333,wonder,veneration,veneration,contempt,Present,Positive,,Male lover 2
1334,sadness,shame,shame,pity,Future,Negative,,Male lover 2
1335,desire,jealousy,jealousy,anger,Present,Negative,,Male lover 1
1336,love,devotion,devotion,sadness,Future,Negative,,Male lover 3
1337,desire,fear,fear,sadness,Present,Negative,,Female lover 2
1338,sadness,pity,pity,despair,Present,Negative,,Female lover 1
1339,hatred,anger,anger,boldness,Present,Negative,,Male lover 1
134,wonder,pride,pride,boldness,Present,Positive,++,Female lover 1
1340,desire,fear,fear,sadness,Present,Negative,,Female lover 2
1341,wonder,veneration,boldness,hope,Future,Positive,,Male lover 3
1342,wonder,pride,boldness,-,Future,Negative,,Male lover 1
1343,wonder,generosity,generosity,-,Present,Positive,,Male lover 2
1344,wonder,contempt,aversion,-,Future,Negative,,Female lover 2
1345,desire,jealousy,jealousy,anger,Present,Negative,,Male lover 1
1346,sadness,envy,envy,-,Past,Negative,,Female lover 2
1347,wonder,abjectness,abjectness,boldness,Present,Negative,,Antagonist
1348,desire,fear,fear,-,Future,Negative,,Female lover 2
1349,wonder,disdain,disdain,anger,Present,Negative,,Antagonist
135,wonder,contempt,contempt,-,Future,Negative,+-,Male lover 2
1350,love,love,remorse,-,Future,Positive,,Male lover 1
1351,desire,jealousy,jealousy,-,Future,Negative,,Male lover 1
1352,sadness,remorse,remorse,love,Future,Positive,,Female lover 1
1353,joy,mockery,mockery,-,Present,Negative,,"Female lover 1,Male lover 1"
1354,wonder,esteem,esteem,-,Present,Positive,,Male lover 2
1355,sadness,repentance,repentance,shame,Future,Negative,,Antagonist
1356,joy,mockery,mockery,-,Present,Negative,,"Female lover 1,Male lover 1"
1357,desire,boldness,boldness,-,Future,Negative,,Male lover 1
1358,wonder,veneration,veneration,contempt,Present,Positive,,Male lover 2
1359,desire,fear,fear,sadness,Present,Negative,,Female lover 2
136,sadness,sadness,sadness,-,Future,Negative,--,Female lover 1
1360,hatred,anger,anger,shame,Future,Negative,--,Male lover 2
1361,desire,hope,hope,-,Future,Positive,-+,Male lover 3
1362,desire,boldness,boldness,-,Future,Positive,-+,Male lover 2
1363,sadness,pity,pity,-,Future,Negative,+-,Female lover 2
1364,hatred,anger,anger,-,Present,Negative,--,Male lover 2
1365,desire,despair,despair,-,Future,Negative,+-,Female lover 2
1366,sadness,pity,pity,disdain,Future,Negative,+-,Male lover 3
1367,desire,despair,despair,-,Future,Negative,+-,Female lover 1
1368,sadness,remorse,remorse,love,Future,Positive,,Female lover 1
1369,joy,mockery,mockery,-,Present,Negative,,"Female lover 1,Male lover 1"
137,wonder,contempt,contempt,-,Future,Negative,+-,Male lover 2
1370,sadness,sadness,sadness,mockery,Past,Negative,,Male lover 3
1371,wonder,esteem,esteem,remorse,Present,Positive,,Female lover 1
1372,wonder,veneration,veneration,contempt,Present,Positive,,Male lover 2
1373,love,love,love,veneration,Present,Positive,,Female lover 1
1374,hatred,anger,anger,boldness,Present,Negative,,Male lover 1
1375,wonder,abjectness,abjectness,boldness,Present,Negative,,Antagonist
1376,wonder,esteem,esteem,-,Present,Positive,,Male lover 2
1377,sadness,pity,pity,despair,Present,Negative,,Female lover 1
1378,sadness,sadness,sadness,-,Present,Negative,,Male lover 3
1379,desire,fear,fear,-,Future,Negative,,Female lover 2
1380,sadness,distaste,distaste,mockery,Future,Negative,,Female lover 1
1381,sadness,shame,shame,pity,Future,Negative,,Male lover 2
1382,desire,jealousy,jealousy,anger,Present,Negative,,Male lover 1
1383,love,devotion,devotion,sadness,Future,Negative,,Male lover 3
1384,desire,fear,fear,sadness,Present,Negative,,Female lover 2
1385,sadness,pity,pity,despair,Present,Negative,,Female lover 1
1386,wonder,veneration,boldness,hope,Future,Positive,,Male lover 3
1387,wonder,generosity,generosity,-,Present,Positive,,Male lover 2
1388,wonder,contempt,aversion,-,Future,Negative,,Female lover 2
1389,wonder,disdain,disdain,anger,Present,Negative,,Antagonist
1390,love,love,remorse,-,Future,Positive,,Male lover 1
1392,sadness,repentance,repentance,shame,Future,Negative,,Antagonist
1393,wonder,contempt,aversion,-,Future,Negative,,Female lover 2
1394,wonder,disdain,disdain,anger,Present,Negative,,Antagonist
1395,love,love,remorse,-,Future,Positive,,Male lover 1
1396,sadness,envy,envy,-,Past,Negative,,Female lover 2
1397,joy,mockery,mockery,-,Present,Negative,,"Female lover 1,Male lover 1"
1398,sadness,sadness,sadness,mockery,Past,Negative,,Male lover 3
1399,wonder,esteem,esteem,remorse,Present,Positive,,Male lover 2
14,sadness,pity,pity,anger,Future,Negative,+-,Female lover 1
140,sadness,sadness,humility,-,Future,Negative,+-,Male lover 3
1400,love,love,love,veneration,Present,Positive,,Female lover 1
1401,wonder,esteem,esteem,-,Present,Positive,,Male lover 2
1402,sadness,repentance,repentance,shame,Past,Negative,+-,Antagonist
1403,joy,glory,glory,-,Future,Positive,-+,Male lover 1
1407,desire,jealousy,jealousy,-,Future,Negative,,Male lover 1
1408,sadness,remorse,remorse,love,Future,Positive,,Female lover 1
1409,joy,mockery,mockery,-,Present,Negative,,"Female lover 1,Male lover 1"
141,wonder,generosity,generosity,contempt,Future,Positive,-+,Male lover 1
1410,sadness,envy,envy,-,Past,Negative,,Female lover 2
1411,hatred,anger,anger,boldness,Present,Negative,,Male lover 1
1412,sadness,sadness,sadness,mockery,Past,Negative,,Male lover 3
1413,love,love,love,veneration,Present,Positive,,Female lover 1
1414,wonder,abjectness,abjectness,boldness,Present,Negative,,Antagonist
1415,sadness,distaste,distaste,mockery,Future,Negative,,Female lover 1
1416,sadness,shame,shame,pity,Future,Negative,,Male lover 2
1417,sadness,repentance,repentance,shame,Future,Negative,,Antagonist
1418,desire,fear,fear,sadness,Present,Negative,,Female lover 2
1419,wonder,pride,boldness,-,Future,Negative,,Male lover 1
142,wonder,contempt,contempt,pride,Future,Negative,+-,Male lover 2
1420,wonder,generosity,generosity,-,Present,Positive,,Male lover 2
1421,wonder,esteem,esteem,remorse,Present,Positive,,Male lover 2
1422,love,love,love,veneration,Present,Positive,,Female lover 1
1423,hatred,anger,anger,boldness,Present,Negative,,Male lover 1
1424,sadness,distaste,distaste,mockery,Future,Negative,,Female lover 1
1425,wonder,esteem,esteem,-,Present,Positive,,Male lover 2
1426,sadness,sadness,sadness,-,Present,Negative,,Male lover 3
1427,wonder,pride,boldness,-,Future,Negative,,Male lover 1
1428,wonder,generosity,generosity,-,Present,Positive,,Male lover 2
1429,desire,jealousy,jealousy,anger,Present,Negative,,Male lover 1
143,desire,hope,hope,-,Future,Positive,-+,Male lover 3
1431,wonder,pride,boldness,-,Future,Negative,,Male lover 1
1432,wonder,generosity,generosity,-,Present,Positive,,Male lover 2
1433,wonder,contempt,aversion,-,Future,Negative,,Female lover 2
1434,love,love,remorse,-,Future,Positive,,Male lover 1
1435,sadness,remorse,remorse,love,Future,Positive,,Female lover 1
1436,joy,mockery,mockery,-,Present,Negative,,"Female lover 1,Male lover 1"
1437,sadness,sadness,sadness,mockery,Past,Negative,,Male lover 3
1438,sadness,envy,envy,-,Past,Negative,,Female lover 2
1439,desire,jealousy,jealousy,-,Future,Negative,,Male lover 1
1440,love,love,love,veneration,Present,Positive,,Female lover 1
1441,hatred,anger,anger,boldness,Present,Negative,,Male lover 1
1442,wonder,esteem,esteem,-,Present,Positive,,Male lover 2
1443,desire,irresolution,irresolution,-,Future,Negative,+-,Male lover 1
1444,sadness,pity,generosity,-,Future,Negative,+-,Female lover 2
1445,wonder,pride,pride,contempt,Future,Negative,+-,Male lover 1
1446,desire,irresolution,irresolution,-,Future,Negative,+-,Male lover 1
1447,wonder,generosity,generosity,contempt,Future,Positive,-+,Male lover 1
1448,desire,boldness,boldness,-,Future,Negative,-+,Male lover 1
1449,joy,glory,glory,-,Future,Positive,-+,Male lover 1
145,sadness,pity,pity,-,Future,Negative,+-,Female lover 2
1450,sadness,pity,pity,despair,Present,Negative,,Female lover 1
1453,sadness,distaste,distaste,mockery,Future,Negative,,Male lover 1
1454,desire,hope,hope,-,Future,Negative,,Male lover 2
1455,sadness,repentance,repentance,shame,Future,Negative,,Antagonist
1456,desire,jealousy,jealousy,anger,Present,Negative,,Male lover 1
1457,wonder,pride,boldness,-,Future,Negative,,Male lover 1
1458,sadness,distaste,distaste,mockery,Future,Negative,,Female lover 1
1459,sadness,shame,shame,pity,Future,Negative,,Male lover 2
146,sadness,sadness,sadness,-,Future,Negative,--,Female lover 1
1460,desire,jealousy,jealousy,anger,Present,Negative,,Male lover 1
1461,love,love,love,-,Present,Positive,-+,Female lover 2
1462,sadness,pity,pity,-,Future,Negative,+-,Female lover 2
1463,sadness,pity,pity,-,Future,Negative,+-,Female lover 2
1464,wonder,esteem,esteem,-,Present,Positive,,Male lover 2
1465,love,devotion,devotion,sadness,Future,Negative,,Male lover 3
1466,hatred,anger,anger,-,Present,Negative,--,Male lover 2
1467,desire,despair,despair,-,Future,Negative,+-,Female lover 2
1468,wonder,contempt,contempt,-,Future,Negative,+-,Male lover 2
1469,wonder,abjectness,abjectness,-,Future,Negative,+-,Antagonist
147,hatred,anger,anger,shame,Future,Negative,--,Male lover 2
1470,wonder,esteem,esteem,-,Future,Positive,-+,Male lover 3
1471,sadness,repentance,repentance,shame,Past,Negative,+-,Antagonist
1472,wonder,pride,abjectness,-,Present,Negative,--,Male lover 2
1473,sadness,sadness,sadness,anger,Future,Negative,+-,Male lover 3
1474,wonder,pride,pride,boldness,Present,Positive,++,Female lover 1
1475,sadness,pity,pity,-,Future,Negative,+-,Female lover 1
1476,sadness,pity,pity,disdain,Future,Negative,+-,Male lover 3
1478,sadness,sadness,sadness,-,Future,Negative,--,Female lover 1
1479,wonder,pride,boldness,-,Future,Negative,,Male lover 1
148,love,love,love,-,Present,Positive,-+,Female lover 2
1480,desire,jealousy,jealousy,-,Future,Negative,,Male lover 1
1481,wonder,generosity,generosity,-,Present,Positive,,Male lover 2
1482,wonder,disdain,disdain,anger,Present,Negative,,Antagonist
1484,desire,boldness,boldness,-,Future,Negative,,Male lover 3
1485,wonder,esteem,esteem,-,Present,Positive,,Male lover 2
1487,love,love,love,veneration,Present,Positive,,Female lover 1
1488,sadness,remorse,remorse,love,Future,Positive,,Female lover 1
1489,sadness,distaste,distaste,mockery,Future,Negative,,Female lover 1
149,wonder,pride,pride,contempt,Future,Negative,+-,Male lover 1
1490,wonder,contempt,aversion,-,Future,Negative,,Female lover 2
1491,sadness,sadness,sadness,mockery,Past,Negative,,Male lover 3
1492,sadness,envy,envy,-,Past,Negative,,Female lover 2
1493,hatred,anger,anger,boldness,Present,Negative,,Male lover 1
1494,sadness,sadness,sadness,-,Present,Negative,,Female lover 2
1495,sadness,shame,shame,pity,Future,Negative,,Male lover 2
1496,desire,hope,hope,-,Future,Positive,,Female lover 1
15,wonder,pride,pride,boldness,Present,Positive,++,Female lover 1
150,wonder,abjectness,abjectness,-,Future,Negative,+-,Antagonist
1507,desire,irresolution,irresolution,-,Future,Negative,+-,Male lover 1
1508,sadness,pity,generosity,-,Future,Negative,+-,Female lover 2
151,wonder,pride,pride,contempt,Future,Negative,+-,Male lover 1
1511,wonder,pride,abjectness,-,Present,Negative,--,Male lover 2
152,love,love,love,-,Present,Positive,-+,Female lover 2
1522,sadness,pity,pity,-,Future,Negative,+-,Female lover 2
1523,wonder,abjectness,abjectness,veneration,Future,Negative,+-,Antagonist
1524,wonder,contempt,contempt,pride,Future,Negative,+-,Male lover 2
1525,desire,hope,hope,-,Future,Positive,-+,Male lover 3
1526,sadness,sadness,sadness,-,Future,Negative,--,Female lover 1
1527,hatred,anger,anger,-,Present,Negative,--,Male lover 2
1529,desire,boldness,boldness,-,Future,Positive,-+,Male lover 2
153,wonder,generosity,generosity,contempt,Future,Positive,-+,Male lover 1
1530,sadness,pity,pity,-,Future,Negative,+-,Female lover 2
1531,sadness,repentance,repentance,shame,Past,Negative,+-,Antagonist
1532,joy,glory,glory,-,Future,Positive,-+,Male lover 1
1533,desire,despair,despair,-,Future,Negative,+-,Female lover 1
1534,wonder,contempt,contempt,-,Future,Negative,+-,Male lover 2
1535,desire,despair,despair,-,Future,Negative,+-,Female lover 2
154,desire,boldness,boldness,-,Future,Positive,-+,Male lover 2
155,sadness,sadness,sadness,anger,Future,Negative,+-,Male lover 3
156,desire,boldness,boldness,-,Future,Negative,-+,Male lover 1
157,sadness,pity,pity,-,Future,Negative,+-,Female lover 2
158,hatred,anger,anger,-,Present,Negative,--,Male lover 2
159,sadness,pity,pity,-,Future,Negative,+-,Female lover 1
159,sadness,pity,pity,-,Future,Negative,+-,Female lover 1
16,wonder,pride,pride,boldness,Present,Positive,++,Female lover 1
160,wonder,contempt,contempt,pride,Future,Negative,--,Male lover 1
165,sadness,pity,pity,disdain,Future,Negative,+-,Male lover 3
167,sadness,pity,pity,-,Future,Negative,+-,Male lover 1
168,hatred,anger,anger,-,Present,Negative,--,Male lover 2
17,sadness,pity,pity,anger,Future,Negative,+-,Female lover 1
170,wonder,abjectness,abjectness,veneration,Future,Negative,+-,Antagonist
171,wonder,contempt,contempt,pride,Future,Negative,+-,Male lover 2
172,sadness,pity,pity,-,Future,Negative,+-,Female lover 2
173,wonder,generosity,generosity,contempt,Future,Positive,-+,Male lover 1
174,sadness,sadness,sadness,anger,Future,Negative,+-,Male lover 3
177,hatred,anger,anger,-,Present,Negative,--,Male lover 2
179,sadness,repentance,repentance,shame,Past,Negative,+-,Antagonist
181,desire,despair,despair,-,Future,Negative,+-,Female lover 2
182,desire,despair,despair,-,Future,Negative,+-,Female lover 1
183,wonder,contempt,contempt,-,Future,Negative,+-,Male lover 2
186,sadness,pity,generosity,-,Future,Negative,+-,Female lover 2
187,wonder,abjectness,abjectness,-,Future,Negative,+-,Antagonist
188,wonder,pride,abjectness,-,Present,Negative,--,Male lover 2
189,wonder,esteem,esteem,-,Future,Positive,-+,Male lover 3
19,sadness,pity,pity,anger,Future,Negative,+-,Female lover 1
190,wonder,contempt,contempt,pride,Future,Negative,+-,Male lover 2
191,desire,hope,hope,-,Future,Positive,-+,Male lover 3
192,wonder,generosity,generosity,contempt,Future,Positive,-+,Male lover 1
193,sadness,sadness,sadness,anger,Future,Negative,+-,Male lover 3
194,sadness,pity,pity,-,Future,Negative,+-,Female lover 2
195,hatred,anger,anger,-,Present,Negative,--,Male lover 2
196,sadness,pity,pity,-,Future,Negative,+-,Female lover 1
197,wonder,contempt,contempt,pride,Future,Negative,--,Male lover 1
2,sadness,pity,pity,anger,Future,Negative,+-,Female lover 1
20,sadness,pity,pity,anger,Future,Negative,+-,Female lover 1
200,wonder,abjectness,abjectness,-,Future,Negative,+-,Antagonist
201,wonder,pride,abjectness,-,Present,Negative,--,Male lover 2
203,wonder,esteem,esteem,-,Future,Positive,-+,Male lover 3
204,sadness,sadness,sadness,anger,Future,Negative,+-,Male lover 3
205,sadness,pity,pity,-,Future,Negative,+-,Female lover 1
206,sadness,pity,pity,-,Future,Negative,+-,Female lover 2
207,hatred,anger,anger,-,Present,Negative,+-,Male lover 2
209,sadness,repentance,repentance,shame,Past,Negative,+-,Antagonist
21,sadness,pity,pity,anger,Future,Negative,+-,Female lover 1
210,joy,glory,glory,-,Future,Positive,-+,Male lover 1
211,sadness,pity,pity,disdain,Future,Negative,+-,Male lover 3
212,sadness,repentance,repentance,shame,Past,Negative,+-,Antagonist
213,joy,glory,glory,-,Future,Positive,-+,Male lover 1
214,wonder,pride,pride,contempt,Future,Negative,+-,Male lover 1
215,sadness,sadness,humility,-,Future,Negative,+-,Male lover 3
216,hatred,anger,anger,shame,Future,Negative,--,Male lover 2
217,desire,despair,despair,-,Future,Negative,+-,Female lover 2
218,sadness,pity,pity,disdain,Future,Negative,+-,Male lover 3
22,sadness,sadness,sadness,-,Future,Negative,--,Female lover 1
221,wonder,generosity,generosity,contempt,Future,Positive,-+,Male lover 1
222,wonder,contempt,contempt,pride,Future,Negative,--,Male lover 1
223,sadness,repentance,repentance,shame,Past,Negative,+-,Antagonist
224,joy,glory,glory,-,Future,Positive,-+,Male lover 1
225,desire,despair,despair,-,Future,Negative,+-,Female lover 2
226,desire,despair,despair,-,Future,Negative,+-,Female lover 1
227,sadness,pity,pity,disdain,Future,Negative,+-,Male lover 3
229,desire,despair,despair,-,Future,Negative,+-,Female lover 2
231,sadness,pity,pity,disdain,Future,Negative,+-,Male lover 3
235,wonder,abjectness,abjectness,-,Future,Negative,+-,Antagonist
236,wonder,pride,abjectness,-,Present,Negative,--,Male lover 2
237,sadness,sadness,sadness,anger,Future,Negative,+-,Male lover 3
239,wonder,pride,pride,contempt,Future,Negative,+-,Male lover 1
24,wonder,esteem,esteem,-,Future,Positive,-+,Male lover 3
240,sadness,pity,pity,-,Future,Negative,+-,Female lover 2
241,hatred,anger,anger,-,Present,Negative,+-,Male lover 2
243,sadness,pity,generosity,-,Future,Negative,+-,Female lover 2
244,wonder,esteem,esteem,-,Future,Positive,-+,Male lover 3
245,hatred,anger,anger,shame,Future,Negative,--,Male lover 2
246,wonder,pride,abjectness,-,Present,Negative,--,Male lover 2
250,wonder,generosity,generosity,contempt,Future,Positive,-+,Male lover 1
251,wonder,pride,pride,contempt,Future,Negative,+-,Male lover 1
252,desire,boldness,boldness,-,Future,Positive,-+,Male lover 2
256,hatred,anger,anger,-,Present,Negative,--,Male lover 2
26,wonder,abjectness,abjectness,-,Future,Negative,+-,Antagonist
260,hatred,anger,anger,-,Present,Negative,+-,Male lover 2
262,wonder,esteem,esteem,-,Future,Positive,-+,Male lover 3
264,sadness,pity,pity,-,Future,Negative,+-,Female lover 2
265,desire,boldness,boldness,-,Future,Negative,-+,Male lover 1
267,desire,despair,despair,-,Future,Negative,+-,Female lover 1
268,desire,despair,despair,-,Future,Negative,+-,Female lover 2
27,wonder,pride,abjectness,-,Present,Negative,--,Male lover 2
270,desire,boldness,boldness,-,Future,Positive,-+,Male lover 2
271,wonder,pride,pride,contempt,Future,Negative,+-,Male lover 1
278,hatred,anger,anger,-,Present,Negative,--,Male lover 2
279,desire,despair,despair,-,Future,Negative,+-,Female lover 1
28,wonder,pride,pride,contempt,Future,Negative,+-,Male lover 1
281,wonder,abjectness,abjectness,-,Future,Negative,+-,Antagonist
282,wonder,pride,abjectness,-,Present,Negative,--,Male lover 2
283,wonder,pride,pride,contempt,Future,Negative,+-,Male lover 1
284,sadness,sadness,humility,-,Future,Negative,+-,Male lover 3
286,sadness,sadness,sadness,anger,Future,Negative,+-,Male lover 3
287,hatred,anger,anger,shame,Future,Negative,--,Male lover 2
288,wonder,abjectness,abjectness,veneration,Future,Negative,+-,Antagonist
289,love,love,love,-,Present,Positive,-+,Female lover 2
290,sadness,sadness,sadness,anger,Future,Negative,+-,Male lover 3
291,sadness,pity,generosity,-,Future,Negative,+-,Female lover 2
293,wonder,pride,abjectness,-,Present,Negative,--,Male lover 2
296,sadness,pity,pity,-,Future,Negative,+-,Female lover 2
297,wonder,pride,pride,contempt,Future,Negative,+-,Male lover 1
298,joy,glory,glory,-,Future,Positive,-+,Male lover 1
3,sadness,pity,pity,anger,Future,Negative,+-,Female lover 1
30,sadness,pity,generosity,-,Future,Negative,+-,Female lover 2
300,desire,despair,despair,-,Future,Negative,+-,Female lover 2
301,desire,despair,despair,-,Future,Negative,+-,Female lover 1
302,sadness,pity,pity,disdain,Future,Negative,+-,Male lover 3
303,hatred,anger,anger,shame,Future,Negative,--,Male lover 2
304,hatred,anger,anger,shame,Future,Negative,--,Male lover 2
306,desire,boldness,boldness,-,Future,Positive,-+,Male lover 2
307,sadness,pity,generosity,-,Future,Negative,+-,Female lover 2
31,sadness,sadness,sadness,-,Future,Negative,--,Female lover 1
313,desire,irresolution,irresolution,-,Future,Negative,+-,Male lover 1
314,sadness,pity,generosity,-,Future,Negative,+-,Female lover 2
315,wonder,esteem,esteem,-,Future,Positive,-+,Male lover 3
316,wonder,contempt,contempt,-,Future,Negative,+-,Male lover 2
317,hatred,anger,anger,shame,Future,Negative,--,Male lover 2
318,wonder,abjectness,abjectness,veneration,Future,Negative,+-,Antagonist
319,wonder,pride,pride,boldness,Present,Positive,++,Female lover 1
32,sadness,pity,pity,anger,Future,Negative,+-,Female lover 1
320,wonder,pride,pride,contempt,Future,Negative,+-,Male lover 1
322,wonder,pride,abjectness,-,Present,Negative,--,Male lover 2
324,joy,glory,glory,-,Future,Positive,-+,Male lover 1
325,desire,despair,despair,-,Future,Negative,+-,Female lover 1
326,wonder,contempt,contempt,-,Future,Negative,+-,Male lover 2
327,sadness,sadness,sadness,-,Future,Negative,--,Female lover 1
328,sadness,pity,generosity,-,Future,Negative,+-,Female lover 2
33,wonder,pride,pride,boldness,Present,Positive,++,Female lover 1
330,hatred,anger,anger,-,Present,Negative,--,Male lover 2
334,wonder,pride,pride,contempt,Future,Negative,+-,Male lover 1
335,desire,despair,despair,-,Future,Negative,+-,Female lover 1
336,desire,hope,hope,-,Future,Positive,-+,Male lover 3
337,sadness,pity,generosity,-,Future,Negative,+-,Female lover 2
338,hatred,anger,anger,-,Present,Negative,+-,Male lover 2
34,sadness,sadness,sadness,-,Future,Negative,--,Female lover 1
340,sadness,pity,pity,-,Future,Negative,+-,Female lover 2
341,desire,boldness,boldness,-,Future,Positive,-+,Male lover 2
342,wonder,esteem,esteem,-,Future,Positive,-+,Male lover 3
343,wonder,pride,pride,contempt,Future,Negative,+-,Male lover 1
344,wonder,abjectness,abjectness,-,Future,Negative,+-,Antagonist
346,desire,despair,despair,-,Future,Negative,+-,Female lover 1
347,hatred,anger,anger,shame,Future,Negative,--,Male lover 2
348,wonder,esteem,esteem,-,Future,Positive,-+,Male lover 3
349,wonder,pride,pride,contempt,Future,Negative,+-,Male lover 1
35,sadness,sadness,sadness,-,Future,Negative,--,Female lover 1
351,wonder,pride,pride,boldness,Present,Positive,++,Female lover 1
352,wonder,abjectness,abjectness,veneration,Future,Negative,+-,Antagonist
353,hatred,anger,anger,-,Present,Negative,--,Male lover 2
356,hatred,anger,anger,-,Present,Negative,+-,Male lover 2
357,hatred,anger,anger,-,Present,Negative,+-,Male lover 2
359,desire,hope,hope,-,Future,Positive,-+,Male lover 3
36,sadness,sadness,sadness,-,Future,Negative,--,Female lover 1
361,sadness,pity,pity,anger,Future,Negative,+-,Female lover 1
362,desire,irresolution,irresolution,-,Future,Negative,+-,Male lover 1
363,wonder,pride,pride,boldness,Present,Positive,++,Female lover 1
364,sadness,sadness,sadness,-,Future,Negative,--,Female lover 1
365,desire,irresolution,irresolution,-,Future,Negative,+-,Male lover 1
366,desire,boldness,boldness,-,Future,Positive,-+,Male lover 2
37,sadness,sadness,sadness,-,Future,Negative,--,Female lover 1
371,wonder,contempt,contempt,-,Future,Negative,+-,Male lover 2
372,love,love,love,-,Present,Positive,-+,Female lover 2
373,desire,despair,despair,-,Future,Negative,+-,Female lover 1
374,wonder,contempt,contempt,pride,Future,Negative,--,Male lover 1
375,sadness,sadness,sadness,-,Future,Negative,--,Female lover 1
376,sadness,pity,generosity,-,Future,Negative,+-,Female lover 2
378,hatred,anger,anger,-,Present,Negative,+-,Male lover 2
38,wonder,pride,pride,boldness,Present,Positive,++,Female lover 1
380,desire,irresolution,irresolution,-,Future,Negative,+-,Male lover 1
383,sadness,pity,pity,-,Past,Negative,,Female lover 1
385,wonder,esteem,esteem,-,Future,Positive,-+,Male lover 3
386,sadness,pity,pity,repulsion,Past,Negative,,Male lover 1
388,wonder,abjectness,abjectness,-,Future,Negative,+-,Antagonist
389,desire,hope,hope,-,Future,Positive,,Female lover 2
39,sadness,sadness,sadness,-,Future,Negative,--,Female lover 1
390,wonder,astonishment,astonishment,-,Present,Negative,,Female lover 1
391,desire,fear,fear,-,Present,Negative,,Senior ruler
393,wonder,pride,abjectness,-,Present,Negative,--,Male lover 2
394,wonder,esteem,esteem,-,Future,Positive,-+,Male lover 3
395,wonder,pride,pride,contempt,Future,Negative,+-,Male lover 1
397,hatred,anger,anger,-,Present,Negative,--,Male lover 2
398,wonder,pride,pride,contempt,Future,Negative,+-,Male lover 1
399,sadness,sadness,sadness,love,Future,Negative,,"Female lover 1,Male lover 1"
40,wonder,pride,pride,boldness,Present,Positive,++,Female lover 1
400,wonder,contempt,contempt,astonishment,Future,Negative,,Confidant
401,love,devotion,devotion,shame,Present,Positive,,Male lover 2
402,wonder,astonishment,astonishment,-,Present,Negative,,Antagonist
403,sadness,regret,regret,-,Past,Negative,,Female lover 2
404,hatred,anger,anger,-,Present,Negative,,Senior ruler
406,love,love,love,-,Present,Positive,-+,Female lover 2
407,love,love,love,hope,Future,Positive,,Male lover 2
408,desire,hope,hope,fear,Future,Negative,,Male lover 1
409,wonder,pride,abjectness,-,Present,Negative,,Female lover 2
41,wonder,pride,pride,boldness,Present,Positive,++,Female lover 1
410,love,love,love,veneration,Present,Positive,,Male lover 2
411,sadness,remorse,remorse,fear,Past,Negative,,Female lover 1
412,hatred,anger,anger,despair,Future,Negative,,Male lover 1
413,wonder,pride,abjectness,-,Present,Negative,,Senior ruler
415,hatred,anger,anger,-,Present,Negative,+-,Male lover 2
416,hatred,anger,anger,shame,Future,Negative,--,Male lover 2
417,desire,hope,hope,-,Future,Positive,,Female lover 1
418,wonder,pride,pride,boldness,Present,Positive,,Senior ruler
419,desire,fear,fear,-,Future,Negative,,Male lover 1
42,sadness,sadness,sadness,-,Future,Negative,--,Female lover 1
420,desire,boldness,boldness,love,Future,Positive,,Antagonist
421,hatred,anger,anger,pity,Future,Negative,,Male lover 2
422,wonder,contempt,contempt,-,Present,Negative,,Female lover 2
424,wonder,contempt,contempt,pride,Future,Negative,+-,Male lover 2
425,sadness,pity,pity,-,Future,Negative,+-,Female lover 2
427,wonder,generosity,generosity,contempt,Future,Positive,-+,Male lover 1
428,wonder,abjectness,abjectness,veneration,Future,Negative,+-,Antagonist
43,wonder,pride,pride,boldness,Present,Positive,++,Female lover 1
430,desire,boldness,boldness,love,Future,Positive,,Antagonist
431,desire,hope,hope,-,Future,Positive,,Female lover 1
432,wonder,pride,pride,boldness,Present,Positive,,Senior ruler
433,desire,fear,fear,-,Future,Negative,,Male lover 1
434,wonder,contempt,contempt,-,Present,Negative,,Female lover 2
436,desire,despair,despair,-,Future,Negative,+-,Female lover 1
438,hatred,anger,anger,-,Present,Negative,--,Male lover 2
44,sadness,sadness,sadness,-,Future,Negative,--,Female lover 1
440,desire,hope,hope,-,Future,Positive,-+,Male lover 3
441,hatred,anger,anger,-,Present,Negative,--,Male lover 2
443,desire,boldness,boldness,love,Future,Positive,,Antagonist
444,desire,hope,hope,-,Future,Positive,,Female lover 1
445,wonder,pride,pride,boldness,Present,Positive,,Senior ruler
446,desire,fear,fear,-,Future,Negative,,Male lover 1
447,hatred,anger,anger,pity,Future,Negative,,Male lover 2
448,wonder,contempt,contempt,-,Present,Negative,,Female lover 2
45,sadness,sadness,sadness,-,Future,Negative,--,Female lover 1
451,love,love,love,veneration,Present,Positive,,Male lover 2
452,desire,hope,hope,fear,Future,Negative,,Male lover 1
454,hatred,anger,anger,despair,Future,Negative,,Male lover 1
456,wonder,pride,abjectness,-,Present,Negative,,Senior ruler
457,desire,hope,hope,esteem,Present,Positive,,Antagonist
458,love,love,love,hope,Future,Positive,,Male lover 2
459,sadness,regret,regret,-,Past,Negative,,Female lover 2
46,sadness,sadness,humility,-,Future,Negative,+-,Male lover 3
460,sadness,sadness,sadness,love,Future,Negative,,"Female lover 1,Male lover 1"
461,love,devotion,devotion,shame,Present,Positive,,Male lover 2
463,desire,boldness,boldness,love,Future,Positive,,Antagonist
464,desire,hope,hope,-,Future,Positive,,Female lover 1
465,wonder,pride,pride,boldness,Present,Positive,,Senior ruler
466,sadness,remorse,remorse,fear,Past,Negative,,Female lover 1
467,wonder,pride,abjectness,-,Present,Negative,,Female lover 2
469,desire,fear,fear,-,Present,Negative,,Senior ruler
47,wonder,pride,pride,boldness,Present,Positive,++,Female lover 1
470,wonder,astonishment,astonishment,-,Present,Negative,,Female lover 1
471,desire,hope,hope,-,Future,Positive,,Female lover 1
472,desire,despair,despair,-,Future,Negative,+-,Female lover 1
473,wonder,generosity,generosity,contempt,Future,Positive,-+,Male lover 1
474,sadness,pity,pity,anger,Future,Negative,+-,Female lover 1
475,desire,fear,fear,-,Future,Negative,,Male lover 1
476,wonder,contempt,contempt,-,Present,Negative,,Female lover 2
477,love,love,love,veneration,Present,Positive,,Male lover 2
478,desire,boldness,boldness,love,Future,Positive,,Antagonist
479,desire,hope,hope,-,Future,Positive,,Female lover 1
48,sadness,sadness,sadness,-,Future,Negative,--,Female lover 1
481,wonder,pride,pride,boldness,Present,Positive,,Senior ruler
482,desire,fear,fear,-,Future,Negative,,Male lover 1
485,sadness,pity,generosity,-,Future,Negative,+-,Female lover 2
486,hatred,anger,anger,despair,Future,Negative,,Male lover 1
487,desire,hope,hope,esteem,Present,Positive,,Antagonist
488,wonder,pride,pride,contempt,Future,Negative,+-,Male lover 1
489,love,love,love,hope,Future,Positive,,Male lover 2
49,wonder,pride,pride,boldness,Present,Positive,++,Female lover 1
490,desire,fear,fear,-,Present,Negative,,Senior ruler
491,hatred,anger,anger,-,Present,Negative,,Senior ruler
492,wonder,astonishment,astonishment,-,Present,Negative,,Female lover 1
493,sadness,pity,pity,-,Future,Negative,+-,Female lover 2
494,wonder,contempt,contempt,-,Present,Negative,,Female lover 2
495,love,love,love,veneration,Present,Positive,,Male lover 2
496,sadness,remorse,remorse,fear,Past,Negative,,Female lover 1
498,wonder,pride,abjectness,-,Present,Negative,,Female lover 2
499,hatred,anger,anger,despair,Future,Negative,,Male lover 1
50,sadness,sadness,sadness,-,Future,Negative,--,Female lover 1
500,sadness,remorse,remorse,fear,Past,Negative,,Female lover 1
501,desire,hope,hope,fear,Future,Negative,,Male lover 1
503,wonder,pride,abjectness,-,Present,Negative,,Senior ruler
504,desire,hope,hope,esteem,Present,Positive,,Antagonist
506,sadness,sadness,sadness,-,Future,Negative,--,Female lover 1
507,hatred,anger,anger,despair,Future,Negative,,Male lover 1
508,wonder,pride,abjectness,-,Present,Negative,,Senior ruler
509,love,love,love,hope,Future,Positive,,Male lover 2
51,wonder,pride,pride,boldness,Present,Positive,++,Female lover 1
510,desire,hope,hope,fear,Future,Negative,,Male lover 1
511,sadness,sadness,sadness,love,Future,Negative,,"Female lover 1,Male lover 1"
512,sadness,pity,pity,-,Past,Negative,,Female lover 1
513,love,love,love,hope,Future,Positive,,Male lover 2
514,sadness,regret,regret,-,Past,Negative,,Female lover 2
515,desire,boldness,boldness,-,Future,Positive,-+,Male lover 2
517,desire,boldness,boldness,love,Future,Positive,,Antagonist
518,desire,hope,hope,-,Future,Positive,,Female lover 1
519,wonder,pride,pride,boldness,Present,Positive,,Senior ruler
52,sadness,sadness,sadness,-,Future,Negative,--,Female lover 1
520,desire,fear,fear,-,Future,Negative,,Male lover 1
521,hatred,anger,anger,pity,Future,Negative,,Male lover 2
522,wonder,contempt,contempt,-,Present,Negative,,Female lover 2
523,love,love,love,veneration,Present,Positive,,Male lover 2
524,sadness,remorse,remorse,fear,Past,Negative,,Female lover 1
525,desire,hope,hope,fear,Future,Negative,,Male lover 1
526,wonder,pride,abjectness,-,Present,Negative,,Female lover 2
527,hatred,anger,anger,despair,Future,Negative,,Male lover 1
528,desire,hope,hope,esteem,Present,Positive,,Antagonist
529,love,love,love,hope,Future,Positive,,Male lover 2
53,wonder,pride,pride,boldness,Present,Positive,++,Female lover 1
530,hatred,anger,anger,-,Present,Negative,,Senior ruler
531,sadness,sadness,sadness,love,Future,Negative,,"Female lover 1,Male lover 1"
532,wonder,contempt,contempt,astonishment,Future,Negative,,Confidant
533,love,devotion,devotion,shame,Present,Positive,,Male lover 2
534,wonder,astonishment,astonishment,-,Present,Negative,,Antagonist
535,desire,fear,fear,-,Present,Negative,,Senior ruler
536,wonder,astonishment,astonishment,-,Present,Negative,,Female lover 1
537,desire,hope,hope,-,Future,Positive,,Female lover 2
538,sadness,regret,regret,-,Past,Negative,,Female lover 2
539,hatred,anger,anger,-,Present,Negative,,Senior ruler
540,desire,boldness,boldness,love,Future,Positive,,Antagonist
541,desire,hope,hope,-,Future,Positive,,Female lover 1
542,hatred,anger,anger,despair,Future,Negative,,Male lover 1
543,sadness,sadness,sadness,love,Future,Negative,,"Female lover 1,Male lover 1"
544,hatred,anger,anger,despair,Future,Negative,,Male lover 1
545,love,devotion,devotion,shame,Present,Positive,,Male lover 2
547,desire,fear,fear,-,Present,Negative,,Senior ruler
548,wonder,astonishment,astonishment,-,Present,Negative,,Female lover 1
549,hatred,anger,anger,-,Present,Negative,,"Female lover 1,Male lover 1,Senior ruler"
55,wonder,abjectness,abjectness,-,Future,Negative,+-,Antagonist
550,wonder,contempt,contempt,astonishment,Future,Negative,,Confidant
551,love,devotion,devotion,shame,Present,Positive,,Male lover 2
552,sadness,pity,pity,repulsion,Past,Negative,,Male lover 1
553,desire,fear,fear,-,Present,Negative,,Senior ruler
554,wonder,astonishment,astonishment,-,Present,Negative,,Female lover 1
555,desire,hope,hope,-,Future,Positive,,Female lover 2
556,desire,hope,hope,-,Future,Positive,,Female lover 2
557,wonder,pride,pride,boldness,Present,Positive,,Senior ruler
558,wonder,pride,abjectness,-,Present,Negative,,Female lover 2
559,hatred,anger,anger,-,Present,Negative,,Senior ruler
56,wonder,pride,abjectness,-,Present,Negative,--,Male lover 2
560,wonder,contempt,contempt,astonishment,Future,Negative,,Confidant
561,desire,boldness,boldness,love,Future,Positive,,Antagonist
562,desire,hope,hope,-,Future,Positive,,Female lover 1
563,wonder,pride,pride,boldness,Present,Positive,,Senior ruler
564,desire,fear,fear,-,Future,Negative,,Male lover 1
565,wonder,contempt,contempt,-,Present,Negative,,Female lover 2
566,love,love,love,veneration,Present,Positive,,Male lover 2
567,sadness,remorse,remorse,fear,Past,Negative,,Female lover 1
569,wonder,pride,abjectness,-,Present,Negative,,Female lover 2
57,wonder,pride,pride,contempt,Future,Negative,+-,Male lover 1
570,hatred,anger,anger,despair,Future,Negative,,Male lover 1
571,wonder,pride,abjectness,-,Present,Negative,,Senior ruler
572,love,love,love,hope,Future,Positive,,Male lover 2
573,sadness,regret,regret,-,Past,Negative,,Female lover 2
574,hatred,anger,anger,-,Present,Negative,,Senior ruler
575,sadness,sadness,sadness,love,Future,Negative,,"Female lover 1,Male lover 1"
576,wonder,contempt,contempt,astonishment,Future,Negative,,Confidant
577,love,devotion,devotion,shame,Present,Positive,,Male lover 2
578,desire,fear,fear,-,Present,Negative,,Senior ruler
579,wonder,astonishment,astonishment,-,Present,Negative,,Female lover 1
58,love,love,love,-,Present,Positive,-+,Female lover 2
580,love,love,love,veneration,Present,Positive,,Male lover 2
581,desire,hope,hope,esteem,Present,Positive,,Antagonist
582,love,love,love,hope,Future,Positive,,Male lover 2
583,desire,boldness,boldness,love,Future,Positive,,Antagonist
584,desire,hope,hope,-,Future,Positive,,Female lover 1
585,wonder,pride,pride,boldness,Present,Positive,,Senior ruler
586,desire,fear,fear,-,Future,Negative,,Male lover 1
587,hatred,anger,anger,pity,Future,Negative,,Male lover 2
588,wonder,contempt,contempt,-,Present,Negative,,Female lover 2
589,love,love,love,veneration,Present,Positive,,Male lover 2
59,hatred,anger,anger,-,Present,Negative,+-,Male lover 2
590,sadness,remorse,remorse,fear,Past,Negative,,Female lover 1
591,wonder,pride,abjectness,-,Present,Negative,,Female lover 2
592,hatred,anger,anger,despair,Future,Negative,,Male lover 1
593,wonder,pride,abjectness,-,Present,Negative,,Senior ruler
594,desire,hope,hope,esteem,Present,Positive,,Antagonist
595,sadness,pity,pity,-,Past,Negative,,Female lover 1
596,love,love,love,hope,Future,Positive,,Male lover 2
597,sadness,regret,regret,-,Past,Negative,,Female lover 2
598,wonder,astonishment,astonishment,-,Present,Negative,,Antagonist
599,sadness,pity,pity,repulsion,Past,Negative,,Male lover 1
6,wonder,pride,pride,boldness,Present,Positive,++,Female lover 1
60,hatred,anger,anger,shame,Future,Negative,--,Male lover 2
600,wonder,astonishment,astonishment,-,Present,Negative,,Female lover 1
601,love,devotion,devotion,shame,Present,Positive,,Male lover 2
602,desire,hope,hope,-,Future,Positive,,Female lover 2
603,wonder,contempt,contempt,astonishment,Future,Negative,,Confidant
604,desire,fear,fear,-,Present,Negative,,Senior ruler
606,sadness,sadness,sadness,love,Future,Negative,,"Female lover 1,Male lover 1"
608,wonder,pride,pride,boldness,Present,Positive,,Senior ruler
609,wonder,astonishment,astonishment,-,Present,Negative,,Female lover 1
61,desire,irresolution,irresolution,-,Future,Negative,+-,Male lover 1
610,wonder,contempt,contempt,-,Present,Negative,,Female lover 2
611,love,love,love,hope,Future,Positive,,Male lover 2
612,wonder,pride,abjectness,-,Present,Negative,,Senior ruler
613,desire,boldness,boldness,love,Future,Positive,,Antagonist
614,desire,hope,hope,-,Future,Positive,,Female lover 1
615,wonder,pride,pride,boldness,Present,Positive,,Senior ruler
616,desire,fear,fear,-,Future,Negative,,Male lover 1
62,wonder,abjectness,abjectness,-,Future,Negative,+-,Antagonist
620,desire,hope,hope,fear,Future,Negative,,Male lover 1
621,sadness,remorse,remorse,fear,Past,Negative,,Female lover 1
622,hatred,anger,anger,despair,Future,Negative,,Male lover 1
624,desire,hope,hope,esteem,Present,Positive,,Antagonist
625,sadness,sadness,sadness,love,Future,Negative,,"Female lover 1,Male lover 1"
627,love,love,love,hope,Future,Positive,,Male lover 2
629,hatred,anger,anger,-,Present,Negative,,Senior ruler
630,wonder,contempt,contempt,astonishment,Future,Negative,,Confidant
633,desire,hope,hope,-,Future,Positive,,Female lover 2
635,wonder,veneration,boldness,hope,Future,Positive,,Male lover 3
636,wonder,pride,boldness,-,Future,Negative,,Male lover 1
637,wonder,generosity,generosity,-,Present,Positive,,Male lover 2
638,wonder,contempt,aversion,-,Future,Negative,,Female lover 2
639,wonder,disdain,disdain,anger,Present,Negative,,Antagonist
64,wonder,esteem,esteem,-,Future,Positive,-+,Male lover 3
640,love,love,remorse,-,Future,Positive,,Male lover 1
641,sadness,remorse,remorse,love,Future,Positive,,Female lover 1
642,desire,jealousy,jealousy,-,Future,Negative,,Female lover 2
643,wonder,contempt,contempt,distaste,Present,Negative,,Female lover 2
644,sadness,sadness,sadness,mockery,Past,Negative,,Male lover 3
645,wonder,esteem,esteem,remorse,Present,Positive,,Male lover 2
646,joy,mockery,mockery,-,Present,Negative,,"Female lover 1,Male lover 1"
647,sadness,envy,envy,-,Past,Negative,,Female lover 2
648,desire,boldness,boldness,-,Future,Negative,,Male lover 1
649,wonder,veneration,veneration,contempt,Present,Positive,,Male lover 2
65,wonder,pride,pride,contempt,Future,Negative,+-,Male lover 1
650,love,love,love,veneration,Present,Positive,,Female lover 1
651,hatred,anger,anger,boldness,Present,Negative,,Antagonist
652,wonder,abjectness,abjectness,boldness,Present,Negative,,Antagonist
653,wonder,esteem,esteem,-,Present,Positive,,Male lover 2
654,sadness,pity,pity,despair,Present,Negative,,"Female lover 1,Male lover 1"
655,sadness,sadness,sadness,-,Present,Negative,,Male lover 3
656,desire,fear,fear,-,Future,Negative,,Female lover 2
657,desire,hope,hope,-,Future,Negative,,Male lover 1
658,sadness,distaste,distaste,mockery,Future,Negative,,"Female lover 1,Male lover 1"
659,sadness,sadness,sadness,-,Present,Negative,,Female lover 2
66,love,love,love,-,Present,Positive,-+,Female lover 2
660,sadness,shame,shame,pity,Future,Negative,,Male lover 2
661,desire,jealousy,jealousy,anger,Present,Negative,,Male lover 1
662,love,devotion,devotion,sadness,Future,Negative,,Male lover 3
663,desire,fear,fear,sadness,Present,Negative,,Female lover 2
664,sadness,pity,pity,despair,Present,Negative,,Female lover 1
665,sadness,pity,pity,-,Future,Negative,+-,Female lover 2
666,joy,glory,glory,-,Future,Positive,-+,Male lover 1
667,sadness,pity,generosity,-,Future,Negative,+-,Female lover 2
668,wonder,veneration,boldness,hope,Future,Positive,,Male lover 3
669,wonder,pride,boldness,-,Future,Negative,,Male lover 1
67,hatred,anger,anger,-,Present,Negative,+-,Male lover 2
670,wonder,generosity,generosity,-,Present,Positive,,Male lover 2
671,wonder,contempt,aversion,-,Future,Negative,,Female lover 2
672,wonder,disdain,disdain,anger,Present,Negative,,Antagonist
673,love,love,remorse,-,Future,Positive,,Male lover 1
674,sadness,remorse,remorse,love,Future,Positive,,Female lover 1
675,desire,jealousy,jealousy,-,Future,Negative,,Male lover 1
677,wonder,esteem,esteem,remorse,Present,Positive,,Male lover 2
678,joy,mockery,mockery,-,Present,Negative,,"Female lover 1,Male lover 1"
68,sadness,sadness,humility,-,Future,Negative,+-,Male lover 3
680,sadness,envy,envy,-,Past,Negative,,Female lover 2
682,love,love,love,veneration,Present,Positive,,Female lover 1
683,hatred,anger,anger,boldness,Present,Negative,,Male lover 1
684,wonder,abjectness,abjectness,-,Future,Negative,+-,Antagonist
685,wonder,pride,abjectness,-,Present,Negative,--,Male lover 2
686,wonder,esteem,esteem,-,Future,Positive,-+,Male lover 3
687,hatred,anger,anger,shame,Future,Negative,--,Male lover 2
688,wonder,abjectness,abjectness,veneration,Future,Negative,+-,Antagonist
689,desire,despair,despair,-,Future,Negative,+-,Female lover 2
69,wonder,abjectness,abjectness,veneration,Future,Negative,+-,Antagonist
690,wonder,pride,boldness,-,Future,Negative,,Male lover 1
691,wonder,generosity,generosity,-,Present,Positive,,Male lover 2
692,wonder,contempt,aversion,-,Future,Negative,,Female lover 2
693,wonder,disdain,disdain,anger,Present,Negative,,Antagonist
694,love,love,remorse,-,Future,Positive,,Male lover 1
695,sadness,remorse,remorse,love,Future,Positive,,Female lover 1
696,sadness,sadness,sadness,mockery,Past,Negative,,Male lover 3
697,joy,mockery,mockery,-,Present,Negative,,"Female lover 1,Male lover 1"
698,desire,boldness,boldness,-,Future,Negative,,Male lover 1
699,love,devotion,devotion,sadness,Future,Negative,,Male lover 3
7,sadness,pity,pity,anger,Future,Negative,+-,Female lover 1
70,wonder,contempt,contempt,pride,Future,Negative,+-,Male lover 2
700,wonder,esteem,esteem,-,Present,Positive,,Male lover 2
702,sadness,distaste,distaste,mockery,Future,Negative,,Female lover 1
703,sadness,shame,shame,pity,Future,Negative,,Male lover 2
704,sadness,repentance,repentance,shame,Future,Negative,,Antagonist
705,desire,jealousy,jealousy,anger,Present,Negative,,Male lover 1
706,love,devotion,devotion,sadness,Future,Negative,,Male lover 3
707,desire,fear,fear,sadness,Present,Negative,,Female lover 2
708,sadness,pity,pity,despair,Present,Negative,,Female lover 1
709,love,love,love,veneration,Present,Positive,,Female lover 1
71,desire,hope,hope,-,Future,Positive,-+,Male lover 3
710,hatred,anger,anger,boldness,Present,Negative,,Male lover 1
711,wonder,esteem,esteem,-,Present,Positive,,Male lover 2
712,sadness,pity,pity,despair,Present,Negative,,Female lover 1
713,sadness,sadness,sadness,-,Present,Negative,,Male lover 3
714,desire,fear,fear,-,Future,Negative,,Female lover 2
715,sadness,distaste,distaste,mockery,Future,Negative,,Female lover 1
716,sadness,repentance,repentance,shame,Future,Negative,,Antagonist
718,desire,fear,fear,sadness,Present,Negative,,Female lover 2
719,sadness,shame,shame,pity,Future,Negative,,Male lover 2
72,wonder,generosity,generosity,contempt,Future,Positive,-+,Male lover 1
721,wonder,pride,boldness,-,Future,Negative,,Male lover 1
722,wonder,generosity,generosity,-,Present,Positive,,Female lover 2
723,wonder,contempt,aversion,-,Future,Negative,,Female lover 2
725,love,love,remorse,-,Future,Positive,,Male lover 1
726,sadness,remorse,remorse,love,Future,Positive,,Female lover 1
727,desire,jealousy,jealousy,-,Future,Negative,,Male lover 1
729,sadness,sadness,sadness,mockery,Past,Negative,,Male lover 3
730,wonder,esteem,esteem,remorse,Present,Positive,,Male lover 2
731,joy,mockery,mockery,-,Present,Negative,,"Female lover 1,Male lover 1"
735,love,love,love,veneration,Present,Positive,,"Female lover 1,Male lover 1"
736,wonder,abjectness,abjectness,boldness,Present,Negative,,Antagonist
737,wonder,esteem,esteem,-,Present,Positive,,Male lover 2
742,sadness,distaste,distaste,mockery,Future,Negative,,Female lover 1
746,desire,jealousy,jealousy,anger,Present,Negative,,Male lover 1
748,wonder,pride,boldness,-,Future,Negative,,Male lover 1
749,wonder,generosity,generosity,-,Present,Positive,,Male lover 2
75,wonder,abjectness,abjectness,-,Future,Negative,+-,Antagonist
750,wonder,contempt,aversion,-,Future,Negative,,Female lover 2
751,wonder,disdain,disdain,anger,Present,Negative,,Antagonist
752,love,love,remorse,-,Future,Positive,,Male lover 1
753,sadness,remorse,remorse,love,Future,Positive,,Female lover 1
754,sadness,sadness,sadness,mockery,Past,Negative,,Male lover 3
755,joy,mockery,mockery,-,Present,Negative,,"Female lover 1,Male lover 1"
757,sadness,envy,envy,-,Past,Negative,,Female lover 2
758,love,love,love,veneration,Present,Positive,,Female lover 1
759,hatred,anger,anger,boldness,Present,Negative,,Male lover 1
76,wonder,esteem,esteem,-,Future,Positive,-+,Male lover 3
760,wonder,esteem,esteem,-,Present,Positive,,Male lover 2
761,sadness,pity,pity,despair,Present,Negative,,Female lover 1
762,sadness,shame,shame,pity,Future,Negative,,Male lover 2
763,desire,jealousy,jealousy,anger,Present,Negative,,Male lover 1
764,love,devotion,devotion,sadness,Future,Negative,,Male lover 3
765,desire,fear,fear,sadness,Present,Negative,,Female lover 2
766,sadness,pity,pity,despair,Present,Negative,,Female lover 1
767,wonder,pride,pride,contempt,Future,Negative,+-,Male lover 1
769,desire,boldness,boldness,-,Future,Positive,-+,Male lover 2
77,wonder,pride,pride,contempt,Future,Negative,+-,Male lover 1
772,desire,despair,despair,-,Future,Negative,+-,Female lover 1
773,sadness,pity,pity,anger,Future,Negative,+-,Female lover 1
774,desire,despair,despair,-,Future,Negative,+-,Female lover 1
775,desire,boldness,boldness,love,Future,Positive,,Antagonist
776,desire,hope,hope,-,Future,Positive,,Female lover 1
777,wonder,pride,pride,boldness,Present,Positive,,Senior ruler
779,desire,fear,fear,-,Future,Negative,,Male lover 1
78,hatred,anger,anger,-,Present,Negative,+-,Male lover 2
780,hatred,anger,anger,pity,Future,Negative,,Male lover 2
781,wonder,contempt,contempt,-,Present,Negative,,Female lover 2
782,love,love,love,veneration,Present,Positive,,Male lover 2
783,sadness,remorse,remorse,fear,Past,Negative,,Female lover 1
784,desire,hope,hope,fear,Future,Negative,,Male lover 1
785,hatred,anger,anger,despair,Future,Negative,,Male lover 1
786,wonder,pride,abjectness,-,Present,Negative,,Senior ruler
787,desire,hope,hope,esteem,Present,Positive,,Antagonist
788,love,love,love,hope,Future,Positive,,Male lover 2
789,sadness,regret,regret,-,Past,Negative,,Female lover 2
79,wonder,pride,pride,boldness,Present,Positive,++,Female lover 1
790,hatred,anger,anger,-,Present,Negative,,Senior ruler
791,sadness,sadness,sadness,love,Future,Negative,,"Female lover 1,Male lover 1"
792,wonder,contempt,contempt,astonishment,Future,Negative,,Confidant
793,love,devotion,devotion,shame,Present,Positive,,Male lover 2
794,wonder,astonishment,astonishment,-,Present,Negative,,Antagonist
795,desire,fear,fear,-,Present,Negative,,Senior ruler
796,wonder,astonishment,astonishment,-,Present,Negative,,Female lover 1
797,desire,hope,hope,-,Future,Positive,,Female lover 2
798,sadness,sadness,sadness,-,Future,Negative,--,Female lover 1
799,wonder,veneration,boldness,hope,Future,Positive,,Male lover 3
8,wonder,pride,pride,boldness,Present,Positive,++,Female lover 1
80,sadness,pity,pity,repulsion,Past,Negative,,Male lover 1
800,sadness,remorse,remorse,love,Future,Positive,,Female lover 1
802,love,love,love,veneration,Present,Positive,,Female lover 1
804,sadness,distaste,distaste,mockery,Future,Negative,,Female lover 1
805,sadness,shame,shame,pity,Future,Negative,,Male lover 2
806,love,devotion,devotion,sadness,Future,Negative,,Male lover 3
807,hatred,anger,anger,boldness,Present,Negative,,Male lover 1
808,hatred,anger,anger,pity,Future,Negative,,Male lover 2
809,wonder,pride,pride,boldness,Present,Positive,++,Female lover 1
81,sadness,pity,pity,repulsion,Past,Negative,,Male lover 1
811,wonder,pride,boldness,-,Future,Negative,,Male lover 1
812,wonder,generosity,generosity,-,Present,Positive,,Male lover 2
813,wonder,contempt,aversion,-,Future,Negative,,Female lover 2
814,love,love,remorse,-,Future,Positive,,Male lover 1
815,sadness,remorse,remorse,love,Future,Positive,,Female lover 1
816,desire,fear,fear,-,Future,Negative,,Male lover 3
817,joy,mockery,mockery,-,Present,Negative,,"Female lover 1,Male lover 1"
818,sadness,envy,envy,-,Past,Negative,,Female lover 2
82,sadness,pity,pity,repulsion,Past,Negative,,Male lover 1
820,love,love,love,veneration,Present,Positive,,Female lover 1
821,hatred,anger,anger,boldness,Present,Negative,,Male lover 1
822,wonder,abjectness,abjectness,boldness,Present,Negative,,Antagonist
824,wonder,esteem,esteem,-,Present,Positive,,Male lover 2
825,sadness,pity,pity,despair,Present,Negative,,Female lover 1
826,sadness,distaste,distaste,mockery,Future,Negative,,Female lover 1
827,sadness,sadness,sadness,-,Present,Negative,,Female lover 2
828,sadness,shame,shame,pity,Future,Negative,,Male lover 2
829,desire,jealousy,jealousy,anger,Present,Negative,,Male lover 1
83,sadness,pity,pity,repulsion,Past,Negative,,Male lover 1
830,love,devotion,devotion,sadness,Future,Negative,,Male lover 3
833,wonder,veneration,boldness,hope,Future,Positive,,Male lover 3
834,wonder,generosity,generosity,-,Present,Positive,,Male lover 2
835,wonder,disdain,disdain,anger,Present,Negative,,Antagonist
836,love,love,remorse,-,Future,Positive,,Male lover 1
837,sadness,remorse,remorse,love,Future,Positive,,Female lover 1
838,desire,jealousy,jealousy,-,Future,Negative,,Male lover 1
839,wonder,contempt,contempt,distaste,Present,Negative,,Female lover 2
840,wonder,esteem,esteem,remorse,Present,Positive,,Male lover 2
841,joy,mockery,mockery,-,Present,Negative,,"Female lover 1,Male lover 1"
842,sadness,envy,envy,-,Past,Negative,,Female lover 2
844,love,love,love,veneration,Present,Positive,,Female lover 1
845,hatred,anger,anger,boldness,Present,Negative,,Male lover 1
846,wonder,esteem,esteem,-,Present,Positive,,Male lover 2
847,sadness,pity,pity,despair,Present,Negative,,Female lover 1
848,desire,fear,fear,-,Future,Negative,,Male lover 3
849,sadness,distaste,distaste,mockery,Future,Negative,,Female lover 1
852,love,devotion,devotion,sadness,Future,Negative,,Male lover 3
853,desire,fear,fear,sadness,Present,Negative,,Female lover 2
854,sadness,pity,pity,despair,Present,Negative,,Female lover 1
855,desire,fear,fear,-,Future,Negative,,Male lover 1
856,love,love,love,veneration,Present,Positive,,Male lover 2
857,sadness,remorse,remorse,fear,Past,Negative,,Female lover 1
858,desire,hope,hope,fear,Future,Negative,,Male lover 1
859,wonder,pride,abjectness,-,Present,Negative,,Female lover 3
86,sadness,pity,pity,-,Past,Negative,,Female lover 1
860,wonder,pride,abjectness,-,Present,Negative,,Senior ruler
861,desire,hope,hope,esteem,Present,Positive,,Antagonist
862,love,love,love,hope,Future,Positive,,Male lover 2
863,sadness,regret,regret,-,Past,Negative,,Female lover 3
864,hatred,anger,anger,-,Present,Negative,,Senior ruler
865,sadness,sadness,sadness,love,Future,Negative,,"Female lover 1,Male lover 1"
866,wonder,contempt,contempt,astonishment,Future,Negative,,Confidant
867,love,devotion,devotion,shame,Present,Positive,,Male lover 2
868,wonder,astonishment,astonishment,-,Present,Negative,,Antagonist
869,desire,fear,fear,-,Present,Negative,,Senior ruler
87,sadness,pity,pity,repulsion,Past,Negative,,Male lover 1
870,wonder,veneration,boldness,hope,Future,Positive,,Male lover 3
871,wonder,pride,boldness,-,Future,Negative,,Male lover 1
872,wonder,generosity,generosity,-,Present,Positive,,Male lover 2
873,wonder,contempt,aversion,-,Future,Negative,,Female lover 2
874,love,love,remorse,-,Future,Positive,,Male lover 1
875,sadness,remorse,remorse,love,Future,Positive,,Female lover 1
876,joy,mockery,mockery,-,Present,Negative,,"Female lover 1,Male lover 1"
878,sadness,envy,envy,-,Past,Negative,,Female lover 2
879,desire,jealousy,jealousy,-,Future,Negative,,Male lover 1
88,sadness,pity,pity,repulsion,Past,Negative,,Male lover 1
883,sadness,pity,pity,despair,Present,Negative,,Female lover 1
884,desire,jealousy,jealousy,anger,Present,Negative,,Male lover 1
885,sadness,pity,pity,despair,Present,Negative,,Female lover 1
888,hatred,anger,anger,-,Present,Negative,,Senior ruler
89,sadness,pity,pity,repulsion,Past,Negative,,Male lover 1
891,wonder,contempt,contempt,astonishment,Future,Negative,,Confidant
892,love,devotion,devotion,shame,Present,Positive,,Male lover 2
893,desire,fear,fear,-,Present,Negative,,Senior ruler
894,wonder,astonishment,astonishment,-,Present,Negative,,Female lover 1
895,desire,hope,hope,-,Future,Positive,,Female lover 3
896,sadness,pity,pity,-,Past,Negative,,Female lover 1
898,wonder,pride,boldness,-,Future,Negative,,Male lover 1
899,wonder,generosity,generosity,-,Present,Positive,,Male lover 2
9,sadness,sadness,sadness,-,Future,Negative,--,Female lover 1
90,sadness,pity,pity,repulsion,Past,Negative,,Male lover 1
900,wonder,contempt,aversion,-,Future,Negative,,Female lover 2
901,love,love,remorse,-,Future,Positive,,Male lover 1
902,desire,jealousy,jealousy,-,Future,Negative,,Male lover 1
903,sadness,sadness,sadness,mockery,Past,Negative,,Male lover 3
904,wonder,esteem,esteem,remorse,Present,Positive,,Male lover 2
905,desire,boldness,boldness,-,Future,Negative,,Male lover 1
906,hatred,anger,anger,boldness,Present,Negative,,Male lover 1
907,wonder,esteem,esteem,-,Present,Positive,,Male lover 2
908,sadness,sadness,sadness,-,Present,Negative,,Male lover 3
91,sadness,pity,pity,-,Past,Negative,,Female lover 1
910,desire,jealousy,jealousy,anger,Present,Negative,,Male lover 1
911,love,devotion,devotion,sadness,Future,Negative,,Male lover 3
912,desire,fear,fear,sadness,Present,Negative,,Female lover 2
913,sadness,envy,envy,-,Past,Negative,,Female lover 2
914,sadness,remorse,remorse,love,Future,Positive,,Female lover 1
915,love,love,love,veneration,Present,Positive,,Female lover 1
916,desire,fear,fear,-,Future,Negative,,Female lover 2
919,wonder,pride,pride,boldness,Present,Positive,,Senior ruler
92,desire,irresolution,irresolution,-,Future,Negative,+-,Male lover 1
920,desire,boldness,boldness,love,Future,Positive,,Antagonist
921,desire,hope,hope,-,Future,Positive,,Female lover 1
922,desire,fear,fear,-,Future,Negative,,Male lover 1
923,wonder,contempt,contempt,-,Present,Negative,,Female lover 3
924,love,love,love,veneration,Present,Positive,,Male lover 2
925,sadness,remorse,remorse,fear,Past,Negative,,"Female lover 1,Male lover 2,Antagonist"
926,wonder,pride,abjectness,-,Present,Negative,,Female lover 3
927,hatred,anger,anger,despair,Future,Negative,,Male lover 1
928,wonder,pride,abjectness,-,Present,Negative,,Senior ruler
929,desire,hope,hope,esteem,Present,Positive,,Antagonist
93,sadness,pity,pity,repulsion,Past,Negative,,Male lover 1
931,love,love,love,hope,Future,Positive,,Male lover 2
932,hatred,anger,anger,-,Present,Negative,,Senior ruler
933,wonder,contempt,contempt,astonishment,Future,Negative,,Confidant
934,desire,fear,fear,-,Present,Negative,,Senior ruler
935,sadness,sadness,sadness,love,Future,Negative,,"Female lover 1,Male lover 1"
936,wonder,astonishment,astonishment,-,Present,Negative,,Female lover 1
937,desire,hope,hope,-,Future,Positive,,Female lover 3
938,desire,boldness,boldness,love,Future,Positive,,Antagonist
939,desire,hope,hope,-,Future,Positive,,Female lover 1
94,sadness,pity,pity,repulsion,Past,Negative,,Male lover 1
940,wonder,pride,pride,boldness,Present,Positive,,Senior ruler
941,desire,fear,fear,-,Future,Negative,,Male lover 1
942,wonder,contempt,contempt,-,Present,Negative,,Female lover 3
943,love,love,love,veneration,Present,Positive,,Male lover 2
944,sadness,remorse,remorse,fear,Past,Negative,,"Female lover 1,Male lover 1,Antagonist"
945,desire,hope,hope,esteem,Present,Positive,,Antagonist
946,wonder,pride,abjectness,-,Present,Negative,,Female lover 3
947,hatred,anger,anger,despair,Future,Negative,,Male lover 1
948,wonder,pride,abjectness,-,Present,Negative,,Senior ruler
949,love,love,love,hope,Future,Positive,,Male lover 2
95,sadness,pity,pity,repulsion,Past,Negative,,Male lover 1
950,hatred,anger,anger,-,Present,Negative,,Senior ruler
951,sadness,sadness,sadness,love,Future,Negative,,"Female lover 1,Male lover 1"
952,wonder,contempt,contempt,astonishment,Future,Negative,,Confidant
953,sadness,pity,pity,repulsion,Past,Negative,,Male lover 1
954,wonder,astonishment,astonishment,-,Present,Negative,,Female lover 1
955,wonder,disdain,disdain,anger,Present,Negative,,Antagonist
956,joy,mockery,mockery,-,Present,Negative,,"MAle lover 1,Female lover 1"
957,sadness,repentance,repentance,shame,Future,Negative,,Antagonist
958,wonder,veneration,boldness,hope,Future,Positive,,Male lover 3
959,wonder,pride,boldness,-,Future,Negative,,Male lover 1
96,sadness,pity,pity,repulsion,Past,Negative,,Male lover 1
960,wonder,generosity,generosity,-,Present,Positive,,Male lover 2
961,wonder,contempt,aversion,-,Future,Negative,,Female lover 2
962,love,love,remorse,-,Future,Positive,,Male lover 1
963,sadness,remorse,remorse,love,Future,Positive,,Female lover 1
964,desire,jealousy,jealousy,-,Future,Negative,,Male lover 1
965,wonder,contempt,contempt,distaste,Present,Negative,,Female lover 2
966,wonder,esteem,esteem,remorse,Present,Positive,,Male lover 2
967,joy,mockery,mockery,-,Present,Negative,,"Female lover 1,Male lover 1"
968,wonder,veneration,veneration,contempt,Present,Positive,,Male lover 2
969,love,love,love,veneration,Present,Positive,,Female lover 1
97,sadness,pity,pity,repulsion,Past,Negative,,Male lover 1
970,desire,boldness,boldness,-,Future,Negative,,Male lover 1
971,sadness,pity,pity,despair,Present,Negative,,Female lover 1
972,sadness,sadness,sadness,-,Present,Negative,,Male lover 3
973,desire,fear,fear,-,Future,Negative,,Female lover 2
974,desire,hope,hope,-,Future,Negative,,Male lover 1
975,sadness,distaste,distaste,mockery,Future,Negative,,Female lover 1
976,sadness,sadness,sadness,-,Present,Negative,,Female lover 2
977,sadness,shame,shame,pity,Future,Negative,,Male lover 2
978,desire,jealousy,jealousy,anger,Present,Negative,,Male lover 1
979,love,devotion,devotion,sadness,Future,Negative,,Male lover 3
98,sadness,pity,pity,repulsion,Past,Negative,,Male lover 1
980,desire,fear,fear,sadness,Present,Negative,,Female lover 2
981,sadness,sadness,sadness,love,Future,Negative,,"Female lover 1,Male lover 1"
982,wonder,pride,boldness,-,Future,Negative,,Male lover 1
983,wonder,generosity,generosity,-,Present,Positive,,Male lover 2
984,wonder,contempt,aversion,-,Future,Negative,,Female lover 2
985,love,love,remorse,-,Future,Positive,,Male lover 1
986,sadness,remorse,remorse,love,Future,Positive,,Female lover 1
988,joy,mockery,mockery,-,Present,Negative,,"Female lover 1,Male lover 1"
989,sadness,envy,envy,-,Past,Negative,,Female lover 2
990,desire,jealousy,jealousy,-,Future,Negative,,Male lover 1
992,love,love,love,veneration,Present,Positive,,Female lover 1
994,hatred,anger,anger,boldness,Present,Negative,,Male lover 1
995,wonder,esteem,esteem,-,Present,Positive,,Male lover 2
998,desire,jealousy,jealousy,anger,Present,Negative,,Male lover 1
999,wonder,veneration,boldness,hope,Future,Positive,,Male lover 3
