id,opera,aria,year,composer,Character,Clef 1,Clef 2,Clef 3
0001,Did03M,Son_regina,1724,Sarro,Didone,C-1,,
0002,Did12M,Non_ha,1770,Piccinni,Didone,C-1,,
0003,Did12M,Non_ha,1724,Sarro,Didone,C-1,,
0004,Did01M,Dovrei_ma,1730,Sarro,Enea,C-1,,
0005,Did02M,Diro_che,1730,Sarro,Selene,C-1,,
0006,Did03M,Son_regina,1730,Sarro,Didone,C-1,,
0007,Did12M,Non_ha,1730,Sarro,Didone,C-1,,
0008,Did03M,Son_regina,1739,Lampugnani,Didone,C-1,,
0009,Did18M,Ah_non_lasciarmi,1739,Lampugnani,Didone,C-1,,
0010,Did03M,Son_regina,1760,Bernasconi,Didone,C-1,,
0011,Did18M,Ah_non_lasciarmi,1760,Bernasconi,Didone,C-1,,
0012,Did03M,Son_regina,1742,Hasse,Didone,C-1,,
0013,Did12M,Non_ha,1742,Hasse,Didone,C-1,,
0014,Did12M,Non_ha,1747,Jommelli,Didone,C-1,,
0015,Did03M,Son_regina,1747,Jommelli,Didone,C-1,,
0016,Did03M,Son_regina,1749,Jommelli,Didone,C-1,,
0017,Did12M,Non_ha,1751,Perez,Didone,C-1,,
0018,Did12M,Non_ha,1762,Sarti,Didone,C-1,,
0019,Did12M,Non_ha,1763,Jommelli,Didone,C-1,,
0020,Did12M,Non_ha,1764,Galuppi,Didone,C-1,,
0021,Did12M,Non_ha,1775,Anfossi,Didone,C-1,,
0022,Did18M,Ah_non_lasciarmi,1742,Hasse,Didone,C-1,,
0023,Did02M,Diro_che,1724,Sarro,Selene,C-1,,
0024,Did06M,Se_dalle,1724,Sarro,Araspe,C-4,,
0025,Did01M,Dovrei_ma,1739,Lampugnani,Enea,C-1,,
0026,Did04M,Tu_mi_scorgi,1739,Lampugnani,Osmida,C-1,,
0027,Did05M,Fra_lo,1739,Lampugnani,Iarba,C-4,,
0028,Did07M,Quando_saprai,1739,Lampugnani,Enea,C-1,,
0029,Did01M,Dovrei_ma,1760,Bernasconi,Enea,C-1,,
0030,Did02M,Diro_che,1760,Bernasconi,Selene,C-1,,
0031,Did18M,Ah_non_lasciarmi,1747,Jommelli,Didone,C-1,,
0032,Did12M,Non_ha,1749,Jommelli,Didone,C-1,,
0033,Did03M,Son_regina,1751,Perez,Didone,C-1,,
0034,Did18M,Ah_non_lasciarmi,1751,Perez,Didone,C-1,,
0035,Did18M,Ah_non_lasciarmi,1763,Traetta,Didone,C-1,,
0036,Did18M,Ah_non_lasciarmi,1762,Sarti,Didone,C-1,,
0037,Did18M,Ah_non_lasciarmi,1764,Galuppi,Didone,C-1,,
0038,Did03M,Son_regina,1768,Boroni,Didone,C-1,,
0039,Did18M,Ah_non_lasciarmi,1768,Boroni,Didone,C-1,,
0040,Did03M,Son_regina,1769,Majo,Didone,C-1,,
0041,Did03M,Son_regina,1770,Piccinni,Didone,C-1,,
0042,Did18M,Ah_non_lasciarmi,1770,Piccinni,Didone,C-1,,
0043,Did03M,Son_regina,1775,Anfossi,Didone,C-1,,
0044,Did18M,Ah_non_lasciarmi,1775,Anfossi,Didone,C-1,,
0045,Did18M,Ah_non_lasciarmi,1769,Majo,Didone,C-1,,
0046,Did10M,Infelice_e,1724,Sarro,Araspe,C-4,,
0047,Did03M,Son_regina,1776,Schuster,Didone,C-1,,
0048,Did18M,Ah_non_lasciarmi,1749,Jommelli,Didone,C-1,,
0049,Did03M,Son_regina,1762,Sarti,Didone,C-1,,
0050,Did18M,Ah_non_lasciarmi,1763,Jommelli,Didone,C-1,,
0051,Did03M,Son_regina,1763,Jommelli,Didone,C-1,,
0052,Did18M,Ah_non_lasciarmi,1776,Schuster,Didone,C-1,,
0053,Did03M,Son_regina,1763,Traetta,Didone,C-1,,
0054,Did46X,Aura_con,1739,Lampugnani,Selene,C-1,,
0055,Did04M,Tu_mi_scorgi,1724,Sarro,Osmida,C-3,,
0056,Did05M,Fra_lo,1724,Sarro,Iarba,C-3,,
0057,Did07M,Quando_saprai,1724,Sarro,Enea,C-1,,
0058,Did08M,Ogni_amator,1724,Sarro,Selene,C-1,,
0059,Did09M,Son_quel,1724,Sarro,Iarba,C-3,,
0060,Did11M,Tu_mi_disarmi,1724,Sarro,Iarba,C-3,,
0061,Did13M,Se_resto,1724,Sarro,Enea,C-1,,
0062,Did04M,Tu_mi_scorgi,1730,Sarro,Osmida,C-4,,
0063,Did05M,Fra_lo,1730,Sarro,Iarba,C-4,,
0064,Did06M,Se_dalle,1730,Sarro,Araspe,C-1,,
0065,Did07M,Quando_saprai,1730,Sarro,Enea,C-1,,
0066,Did08M,Ogni_amator,1730,Sarro,Selene,C-1,,
0067,Did09M,Son_quel,1730,Sarro,Iarba,C-4,,
0068,Did10M,Infelice_e,1730,Sarro,Araspe,C-1,,
0069,Did14M,Pensa_che,1730,Sarro,Osmida,C-4,,
0070,Did15M,Leon_che,1739,Lampugnani,Iarba,C-4,,
0071,Did17M,L_augelletto,1739,Lampugnani,Araspe,C-1,,
0072,Did19M,Vedi_nel,1739,Lampugnani,Enea,C-1,,
0073,Did14X,Sono_tanti,1739,Lampugnani,Osmida,C-1,,
0074,Did40M,Tormento_il,1739,Lampugnani,Enea,C-1,,
0075,Did04M,Tu_mi_scorgi,1760,Bernasconi,Osmida,C-4,,
0076,Did06M,Se_dalle,1760,Bernasconi,Araspe,C-3,,
0077,Did07M,Quando_saprai,1760,Bernasconi,Enea,C-1,,
0078,Did09M,Son_quel,1760,Bernasconi,Iarba,C-4,,
0079,Did03M,Son_regina,1794,Paisiello,Didone,C-1,,
0080,Dem22M,Misero_pargoletto,1735,Leo,Timante,C-1,,
0081,Dem22M,Misero_pargoletto,1743,Jommelli,Timante,C-1,,
0082,Dem22M,Misero_pargoletto,1766,Bernasconi,Timante,C-1,,
0083,Dem22M,Misero_pargoletto,1748,Hasse,Timante,C-1,,
0086,Dem14M,Se_tutti,1735,Leo,Dircea,C-1,,
0087,Dem22M,Misero_pargoletto,1758,Ferradini,Timante,C-1,,
0088,Dem22M,Misero_pargoletto,1754,Manna,Timante,C-1,,
0089,Dem22M,Misero_pargoletto,1758,Galuppi,Timante,C-1,,
0090,Dem22M,Misero_pargoletto,1764,Jommelli,Timante,C-1,,
0091,Dem14M,Se_tutti,1743,Jommelli,Dircea,C-1,,
0092,Did13M,Se_resto,1730,Sarro,Enea,C-1,,
0093,Dem22M,Misero_pargoletto,1752,Perez,Timante,C-1,,
0094,Dem22M,Misero_pargoletto,1753,Jommelli,Timante,C-1,,
0095,Dem22M,Misero_pargoletto,1775,Myslivecek,Timante,C-1,,
0096,Dem22M,Misero_pargoletto,1758,Hasse,Timante,C-1,,
0097,Dem22M,Misero_pargoletto,1761,Piccinni,Timante,C-1,,
0098,Dem22M,Misero_pargoletto,1790,Errichelli,Timante,C-1,,
0099,Dem22M,Misero_pargoletto,1771,Sarti,Timante,C-1,,
0100,Dem22M,Misero_pargoletto,1746,Graun,Timante,C-1,,
0101,Did13M,Se_resto,1742,Hasse,Enea,C-3,,
0102,Dem22M,Misero_pargoletto,1776,Monza,Timante,C-1,,
0103,Did13M,Se_resto,1747,Jommelli,Enea,C-1,,
0104,Did13M,Se_resto,1776,Schuster,Enea,C-1,,
0105,Did13M,Se_resto,1751,Perez,Enea,C-1,,
0106,Did13M,Se_resto,1775,Anfossi,Enea,C-1,,
0107,Did13M,Se_resto,1763,Traetta,Enea,C-1,,
0108,Did13M,Se_resto,1749,Jommelli,Enea,C-1,,
0109,Did13M,Se_resto,1764,Galuppi,Enea,C-3,,
0110,Dem14M,Se_tutti,1758,Galuppi,Dircea,C-1,,
0111,Dem14M,Se_tutti,1758,Ferradini,Dircea,C-1,,
0112,Did13M,Se_resto,1770,Piccinni,Enea,C-1,,
0113,Dem14M,Se_tutti,1748,Hasse,Dircea,C-1,,
0114,Dem14M,Se_tutti,1754,Manna,Dircea,C-1,,
0115,Dem14M,Se_tutti,1752,Perez,Dircea,C-1,,
0116,Dem14M,Se_tutti,1753,Jommelli,Dircea,C-1,,
0117,Dem14M,Se_tutti,1749,Galuppi,Dircea,C-1,,
0118,Dem14M,Se_tutti,1758,Hasse,Dircea,C-1,,
0119,Dem14M,Se_tutti,1764,Jommelli,Dircea,C-1,,
0120,Dem14M,Se_tutti,1770,Jommelli,Dircea,C-1,,
0121,Did33M,Cadra_fra, nd,Wagenseil,Iarba,,,
0122,Dem14M,Se_tutti,1775,Myslivecek,Dircea,C-1,,
0123,Did33M,Cadra_fra,1742,Hasse,Iarba,C-1,,
0124,Did33M,Cadra_fra,1747,Jommelli,Iarba,C-4,,
0125,Did33M,Cadra_fra,1768,Boroni,Iarba,C-4,,
0126,Did33M,Cadra_fra,1770,Piccinni,Iarba,C-3,,
0127,Did33M,Cadra_fra,1769,Majo,Iarba,C-4,,
0128,Did33M,Cadra_fra,1762,Sarti,Iarba,C-4,,
0129,Did33M,Cadra_fra,1751,Perez,Iarba,C-4,,
0130,Did33M,Cadra_fra,1764,Galuppi,Iarba,C-1,,
0131,Did33M,Cadra_fra,1730,Sarro,Iarba,C-4,,
0132,Did33M,Cadra_fra,1776,Schuster,Iarba,C-4,,
0133,Did33M,Cadra_fra,1763,Traetta,Iarba,C-4,,
0134,Did03M,Son_regina,1764,Galuppi,Didone,C-1,,
0135,Did33M,Cadra_fra,1763,Jommelli,Iarba,C-4,,
0136,Did18M,Ah_non_lasciarmi,1794,Paisiello,Didone,C-1,,
0137,Did33M,Cadra_fra,1775,Anfossi,Iarba,C-4,,
0138,Did47X,Cara_lavverso,1739,Lampugnani,Didone&Enea,C-1,C-1,
0139,Did01M,Dovrei_ma,1724,Sarro,Enea,C-1,,
0140,Did10M,Infelice_e,1739,Lampugnani,Araspe,C-1,,
0141,Did19M,Vedi_nel,1730,Sarro,Enea,C-1,,
0142,Did15M,Leon_che,1730,Sarro,Iarba,C-4,,
0143,Did17M,L_augelletto,1730,Sarro,Araspe,C-1,,
0144,Did35M,Se_vuoi,1730,Sarro,Didone,C-1,,
0145,Did16M,Ardi_per,1730,Sarro,Selene,C-1,,
0146,Did18M,Ah_non_lasciarmi,1810,Paer,Didone,C-1,,
0147,Did11M,Tu_mi_disarmi,1742,Hasse,Iarba,C-1,,
0148,Did08M,Ogni_amator,1742,Hasse,Selene,C-1,,
0149,Did07M,Quando_saprai,1749,Jommelli,Enea,C-1,,
0150,Did04M,Tu_mi_scorgi,1749,Jommelli,Osmida,C-3,,
0151,Did07M,Quando_saprai,1742,Hasse,Enea,C-3,,
0152,Did08M,Ogni_amator,1749,Jommelli,Selene,C-1,,
0153,Did19M,Vedi_nel,1749,Jommelli,Enea,C-1,,
0154,Did20M,Fosca_nube,1730,Sarro,Iarba,C-4,,
0155,Did21M,Tacero_se,1730,Sarro,Araspe,C-1,,
0156,Did22M ,Non_cede,1730,Sarro,Enea,C-1,,
0157,Did23M,Veggio_la,1730,Sarro,Selene,C-1,,
0158,Did24M,Chiamami_pur,1730,Sarro,Iarba,C-4,,
0159,Did25M,Va_lusingando,1730,Sarro,Didone,C-1,,
0160,Did26M,Vivi_superbo,1730,Sarro,Enea,C-1,,
0161,Did37M,Agitata_e,1730,Sarro,Osmida,C-4,,
0162,Did44X,Se_ti,1730,Sarro,Araspe,C-1,,
0163,Did45X,Sorge_cosi,1730,Sarro,Araspe,C-1,,
0164,Did31M,Va_crescendo,1730,Sarro,Didone,C-1,,
0165,Did32M,Gia_si,1730,Sarro,Araspe,C-1,,
0166,Did34M,Vado_ma,1730,Sarro,Didone,C-1,,
0167,Did23M,Veggio_la,1739,Lampugnani,Enea,C-1,,
0168,Did24M,Chiamami_pur,1739,Lampugnani,Iarba,C-4,,
0169,Did50X,Parto_bell,1741,Bernasconi,Didone&Enea,C-1,C-1,
0170,Did14M,Pensa_che,1741,Bernasconi,Osmida,C-4,,
0171,Did15M,Leon_che,1741,Bernasconi,Iarba,C-4,,
0172,Did16M,Ardi_per,1741,Bernasconi,Selene,C-1,,
0173,Did19M,Vedi_nel,1760,Bernasconi,Enea,C-1,,
0174,Did21M,Tacero_se,1741,Bernasconi,Araspe,C-3,,
0175,Did51Xa,Ah_non_sai,1741,Bernasconi,Enea,C-1,,
0176,Did52X,Cosi_fra,1741,Bernasconi,Selene,C-1,,
0177,Did24M,Chiamami_pur,1760,Bernasconi,Iarba,C-4,,
0178,Did49M-Sem,Io_veggo,1741,Bernasconi,Didone,C-1,,
0179,Did28M,Quando_londa,1741,Bernasconi,Osmida,C-4,,
0180,Did29M,A_trionfar,1741,Bernasconi,Enea,C-1,,
0181,Did30M,Nel_duol,1760,Bernasconi,Selene,C-1,,
0182,Did31M,Va_crescendo,1760,Bernasconi,Didone,C-1,,
0183,Did33M,Cadra_fra,1760,Bernasconi,Iarba,C-4,,
0184,Did34M,Vado_ma,1760,Bernasconi,Didone,C-1,,
0185,Did01M,Dovrei_ma,1742,Hasse,Enea,C-3,,
0186,Did02M,Diro_che,1742,Hasse,Selene,C-1,,
0187,Did04M,Tu_mi_scorgi,1742,Hasse,Osmida,F-4,,
0188,Did05M,Fra_lo,1742,Hasse,Iarba,C-1,,
0189,Did06M,Se_dalle,1742,Hasse,Araspe,C-1,,
0190,Did15M,Leon_che,1742,Hasse,Iarba,C-1,,
0191,Did17M,L_augelletto,1742,Hasse,Araspe,C-1,,
0192,Did19M,Vedi_nel,1742,Hasse,Enea,C-3,,
0193,Did21M,Tacero_se,1742,Hasse,Araspe,C-1,,
0194,Did23M,Veggio_la,1742,Hasse,Selene,C-1,,
0195,Did24M,Chiamami_pur,1742,Hasse,Iarba,C-1,,
0196,Did25M,Va_lusingando,1742,Hasse,Didone,C-1,,
0197,Did26M,Vivi_superbo,1742,Hasse,Enea,C-3,,
0198,Did01M,Dovrei_ma,1747,Jommelli,Enea,C-1,,
0199,Did02M,Diro_che,1747,Jommelli,Selene,C-1,,
0200,Did04M,Tu_mi_scorgi,1747,Jommelli,Osmida,C-3,,
0201,Did05M,Fra_lo,1747,Jommelli,Iarba,C-4,,
0202,Did02M,Diro_che,1749,Jommelli,Selene,C-1,,
0203,Did06M,Se_dalle,1749,Jommelli,Araspe,C-1,,
0204,Did21M,Tacero_se,1749,Jommelli,Araspe,C-1,,
0205,Did25M,Va_lusingando,1749,Jommelli,Didone,C-1,,
0206,Did16M,Ardi_per,1749,Jommelli,Selene,C-1,,
0207,Did09M,Son_quel,1749,Jommelli,Iarba,C-4,,
0208,Did40M,Tormento_il,1749,Jommelli,Enea,C-1,,
0209,Did28M,Quando_londa,1749,Jommelli,Osmida,C-3,,
0210,Did29M,A_trionfar,1749,Jommelli,Enea,C-1,,
0211,Did32M,Gia_si,1741,Bernasconi,Araspe,C-3,,
0212,Did28M,Quando_londa,1742,Hasse,Osmida,F-4,,
0213,Did29M,A_trionfar,1742,Hasse,Enea,C-3,,
0214,Did07M,Quando_saprai,1747,Jommelli,Enea,C-1,,
0215,Did10M,Infelice_e,1747,Jommelli,Araspe,C-1,,
0216,Did11M,Tu_mi_disarmi,1747,Jommelli,Iarba,C-4,,
0217,Did30M,Nel_duol,1749,Jommelli,Selene,C-1,,
0218,Did32M,Gia_si,1749,Jommelli,Araspe,C-1,,
0219,Did20M,Fosca_nube,1749,Jommelli,Iarba,C-4,,
0220,Did54X,Lungi_dal,1747,Jommelli,Didone,C-1,,
0221,Did19M,Vedi_nel,1747,Jommelli,Enea,C-1,,
0222,Did26M,Vivi_superbo,1747,Jommelli,Enea,C-1,,
0223,Did28M,Quando_londa,1747,Jommelli,Osmida,C-3,,
0224,Did29M,A_trionfar,1747,Jommelli,Enea,C-1,,
0225,Did30M,Nel_duol,1747,Jommelli,Selene,C-1,,
0226,Did31M,Va_crescendo,1747,Jommelli,Didone,C-1,,
0227,Did32M,Gia_si,1747,Jommelli,Araspe,C-1,,
0228,Did34M,Vado_ma,1747,Jommelli,Didone,C-1,,
0229,Did30M,Nel_duol,1742,Hasse,Selene,C-1,,
0230,Did01M,Dovrei_ma,1751,Perez,Enea,C-1,,
0231,Did32M,Gia_si,1742,Hasse,Araspe,C-1,,
0232,Did53X,Ombra_cara,1742,Hasse,Didone,C-1,,
0233,Did02M,Diro_che,1751,Perez,Selene,C-1,,
0234,Did34M,Vado_ma,1742,Hasse,Didone,C-1,,
0235,Did04M,Tu_mi_scorgi,1751,Perez,Osmida,C-4,,
0236,Did05M,Fra_lo,1751,Perez,Iarba,C-4,,
0237,Did21M,Tacero_se,1747,Jommelli,Araspe,C-1,,
0238,Did92X,Ah_le,1747,Jommelli,Enea,C-1,,
0239,Did07M,Quando_saprai,1751,Perez,Enea,C-1,,
0240,Did23M,Veggio_la,1747,Jommelli,Selene,C-1,,
0241,Did09M,Son_quel,1751,Perez,Iarba,C-4,,
0242,Did01M,Dovrei_ma,1763,Traetta,Enea,C-1,,
0243,Did02M,Diro_che,1763,Traetta,Selene,C-1,,
0244,Did06M,Se_dalle,1751,Perez,Araspe,C-1,,
0245,Did11M,Tu_mi_disarmi,1751,Perez,Iarba,C-4,,
0246,Did05M,Fra_lo,1763,Traetta,Iarba,C-4,,
0247,Did93X,Sho_la,1751,Perez,Selene,C-1,,
0248,Did61X,Pace_non,1763,Traetta,Araspe,C-3,,
0249,Did55M-ZenXa,Non_so,1751,Perez,Araspe,C-1,,
0250,Did19M,Vedi_nel,1751,Perez,Enea,C-1,,
0251,Did07M,Quando_saprai,1763,Traetta,Enea,C-1,,
0252,Did20M,Fosca_nube,1751,Perez,Iarba,C-4,,
0253,Did56X,Nell_affano,1751,Perez,Enea,C-1,,
0254,Did49M-Sem,Io_veggo,1739,Lampugnani,Didone,C-1,,
0255,Did57X,Fra_tutte,1751,Perez,Selene,C-1,,
0256,Did24M,Chiamami_pur,1751,Perez,Iarba,C-4,,
0257,Did01M,Dovrei_ma,1762,Sarti,Enea,C-1,,
0258,Did58X,Infelice_abbandonata,1751,Perez,Didone,C-1,,
0259,Did04M,Tu_mi_scorgi,1762,Sarti,Osmida,C-4,,
0260,Did09M,Son_quel,1762,Sarti,Iarba,C-4,,
0261,Did60X,Teneri_affetti,1751,Perez,Enea,C-1,,
0262,Did06M,Se_dalle,1762,Sarti,Araspe,F-4,,
0263,Did59X,Chel_nocchier,1751,Perez,Araspe,C-1,,
0264,Did16M,Ardi_per,1762,Sarti,Selene,C-1,,
0265,Did22M ,Non_cede,1762,Sarti,Enea,C-1,,
0266,Did34M,Vado_ma,1751,Perez,Didone,C-1,,
0267,Did31M,Va_crescendo,1751,Perez,Didone,C-1,,
0268,Did30M,Nel_duol,1751,Perez,Selene,C-1,,
0269,Did41M,La_caduta,1762,Sarti,Iarba,C-4,,
0270,Did20M,Fosca_nube,1762,Sarti,Iarba,C-4,,
0271,Did07M,Quando_saprai,1762,Sarti,Enea,C-1,,
0272,Did28M,Quando_londa,1762,Sarti,Osmida,C-4,,
0273,Did34M,Vado_ma,1762,Sarti,Didone,C-1,,
0274,Did29M,A_trionfar,1762,Sarti,Enea,C-1,,
0275,Did42M,Io_damor,1762,Sarti,Selene,C-1,,
0276,Did31M,Va_crescendo,1762,Sarti,Didone,C-1,,
0277,Did40M,Tormento_il,1762,Sarti,Enea,C-1,,
0278,Did24M,Chiamami_pur,1762,Sarti,Iarba,C-4,,
0279,Did34M,Vado_ma,1768,Boroni,Didone,C-1,,
0280,Did01M,Dovrei_ma,1768,Boroni,Enea,C-1,,
0281,Did04M,Tu_mi_scorgi,1768,Boroni,Osmida,C-4,,
0282,Did05M,Fra_lo,1768,Boroni,Iarba,C-4,,
0283,Did07M,Quando_saprai,1768,Boroni,Enea,C-1,,
0284,Did10M,Infelice_e,1768,Boroni,Araspe,C-3,,
0285,Did01M,Dovrei_ma,1769,Majo,Enea,C-1,,
0286,Did21M,Tacero_se,1762,Sarti,Araspe,F-4,,
0287,Did11M,Tu_mi_disarmi,1768,Boroni,Iarba,C-4,,
0288,Did14M,Pensa_che,1768,Boroni,Osmida,C-4,,
0289,Did08M,Ogni_amator,1762,Sarti,Selene,C-1,,
0290,Did21M,Tacero_se,1768,Boroni,Araspe,C-3,,
0291,Did02M,Diro_che,1769,Majo,Selene,C-1,,
0292,Did01M,Dovrei_ma,1810,Paer,Enea,C-4,,
0293,Did05M,Fra_lo,1769,Majo,Iarba,C-4,,
0294,Did51Xa,Ah_non_sai,1768,Boroni,Enea,C-1,,
0295,Did86M-Nit10M,Povero_cor,1810,Paer,Didone,C-1,,
0296,Did23M,Veggio_la,1768,Boroni,Selene,C-1,,
0297,Did07M,Quando_saprai,1769,Majo,Enea,C-1,,
0298,Did29M,A_trionfar,1768,Boroni,Enea,C-1,,
0299,Did94X,Rupe_esposta,1769,Majo,Araspe,C-1,,
0300,Did30M,Nel_duol,1768,Boroni,Selene,C-1,,
0301,Did31M,Va_crescendo,1768,Boroni,Didone,C-1,,
0302,Did32M,Gia_si,1768,Boroni,Araspe,C-3,,
0303,Did11M,Tu_mi_disarmi,1810,Paer,Iarba,C-4,,
0304,Did11M,Tu_mi_disarmi,1769,Majo,Iarba,C-4,,
0305,Did71X,Quanto_per,1769,Majo,Didone,C-1,,
0306,Did20M,Fosca_nube,1768,Boroni,Iarba,C-4,,
0307,Did02M,Diro_che,1768,Boroni,Selene,C-1,,
0308,Did70X,No_non_parti,1768,Boroni,Didine&Enea&Iarba,C-1,C-1,C-4
0309,Did90X,Accoglio_regina,1810,Paer,Didone&Iarba,C-1,C-4,
0310,Did69X,Placa_il,1768,Boroni,Didone&Enea,C-1,C-1,
0311,Did01M,Dovrei_ma,1794,Paisiello,Enea,C-1,,
0312,Did72X,Passagier_che,1769,Majo,Enea,C-1,,
0313,Did13M,Se_resto,1794,Paisiello,Enea,C-1,,
0314,Did02M,Diro_che,1794,Paisiello,Selene,C-1,,
0315,Did06M,Se_dalle,1794,Paisiello,Araspe,C-1,,
0316,Did33M,Cadra_fra,1794,Paisiello,Iarba,C-1,,
0317,Did11M,Tu_mi_disarmi,1794,Paisiello,Iarba,C-1,,
0318,Did14M,Pensa_che,1794,Paisiello,Osmida,C-1,,
0319,Did03Ma,Son_regina,1744,Scalabrini,Didone,C-1,,
0320,Did07M,Quando_saprai,1794,Paisiello,Enea,C-1,,
0321,Did88M-Rug,So_che,1794,Paisiello,Araspe,C-1,,
0322,Did05M,Fra_lo,1744,Scalabrini,Iarba,C-4,,
0323,Did57X,Fra_tutte,1794,Paisiello,Selene,C-1,,
0324,Did29M,A_trionfar,1763,Jommelli,Enea,C-1,,
0325,Did34M,Vado_ma,1794,Paisiello,Didone,C-1,,
0326,Did33M,Cadra_fra,1744,Scalabrini,Iarba,C-4,,
0327,Did18M,Ah_non_lasciarmi,1750c,Viotti,Didone,C-1,,
0328,Did02M,Diro_che,1763,Jommelli,Selene,C-1,,
0329,Did41M,La_caduta,1763,Jommelli,Iarba,C-4,,
0330,Did24M,Chiamami_pur,1747,Jommelli,Iarba,C-4,,
0331,Did87X,Morire_oh,1794,Paisiello,Didone&Enea,C-1,C-1,
0332,Did55M-Zen,Non_so,1769,Majo,Araspe,C-1,,
0333,Did73X,Nel_mirar,1769,Majo,Osmida,C-4,,
0334,Did07M,Quando_saprai,1744,Scalabrini,Enea,C-1,,
0335,Did31M,Va_crescendo,1744,Scalabrini,Selene,C-1,,
0336,Did17M,L_augelletto,1744,Scalabrini,Araspe,C-1,,
0337,Did02M,Diro_che,1776,Schuster,Selene,C-1,,
0338,Did09M,Son_quel,1776,Schuster,Iarba,C-4,,
0339,Did76X,Se_il,1747,Jommelli,Didone,C-1,,
0340,Did23M,Veggio_la,1769,Majo,Selene,C-1,,
0341,Did20M,Fosca_nube,1769,Majo,Iarba,C-4,,
0342,Did06M,Se_dalle,1776,Schuster,Araspe,C-1,,
0343,Did07M,Quando_saprai,1776,Schuster,Enea,C-1,,
0344,Did04M,Tu_mi_scorgi,1763,Jommelli,Osmida,C-1,,
0345,Did66X,Per_pieta,1769,Majo,Enea,C-1,,
0346,Did31M,Va_crescendo,1769,Majo,Didone,C-1,,
0347,Did16M,Tu_mi_disarmi,1776,Schuster,Iarba,C-4,,
0348,Did06M,Se_dalle,1763,Jommelli,Araspe,C-1,,
0349,Did07M,Quando_saprai,1763,Jommelli,Enea,C-1,,
0350,Did74X,Non_partir,1769,Majo,"Didone,Enea&Iarba",C-1,C-1,C-4
0351,Did02MXa,Son_regina,1726,Vinci,Didone,C-1,,
0352,Did14M,Pensa_che,1776,Schuster,Osmida,C-1,,
0353,Did24M,Chiamami_pur,1776,Schuster,Iarba,C-4,,
0354,Did84X,Se_un,1776,Schuster,Selene,C-1,,
0355,Did85X,Voglio_che,1776,Schuster,Didone,C-1,,
0356,Did09M,Son_quel,1747,Jommelli,Iarba,C-4,,
0357,Did09M,Son_quel,1763,Jommelli,Iarba,C-4,,
0358,Did63X,Datre_nubi,1763,Jommelli,Araspe,C-1,,
0359,Did17M,L_augelletto,1776,Schuster,Araspe,C-1,,
0360,Did38M,Vorrei_disciogliere,1776,Schuster,Araspe,C-1,,
0361,Did12M,Non_ha,1726,Vinci,Didone,C-1,,
0362,Did13M,Se_resto,1726,Vinci,Enea,C-4,,
0363,Did03M,Son_regina,1780,Astarita,Didone,C-1,,
0364,Did18M,Ah_non_lasciarmi,1780,Astarita,Didone,C-1,,
0365,Did13M,Se_resto,1780,Astarita,Enea,C-4,,
0366,Did20M,Fosca_nube,1763,Jommelli,Iarba,C-4,,
0367,Did53Xb,Ombra_cara,1776,Schuster,Didone,C-1,,
0368,Did97X,Quando_freme,1743,Terradellas,Didone,C-1,,
0369,Did51Xa,Ah_non_sai,1763,Jommelli,Enea,C-1,,
0370,Did95X,Ah_non_lasciarmi_ingrato,1776,Schuster,Didone&Enea,C-1,C-1,
0371,Did33M,Cadra_fra,1780,Astarita,Iarba,F-4,,
0372,Did08M,Ogni_amator,1763,Jommelli,Selene,C-1,,
0373,Did31M,Va_crescendo,1763,Jommelli,Didone,C-1,,
0374,Did26M,Vivi_superbo,1744,Scalabrini,Enea,C-1,,
0375,Did18M,Ah_non_lasciarmi,1788,Andreozzi,Didone,C-1,,
0376,Did02M,Diro_che,1780,Astarita,Selene,C-1,,
0377,Did01M,Dovrei_ma,1780,Astarita,Enea,C-1,,
0378,Did09M,Son_quel,1780,Astarita,Iarba,F-4,,
0379,Did103X,Sdegno_ingegno,1744,Scalabrini,Osmida,C-3,,
0380,Did13M,Se_resto,1744,Scalabrini,Enea,C-1,,
0381,Did99M,Scherza_il,1744,Scalabrini,Osmida,C-3,,
0382,Did64X,Infidel_ti,1763,Jommelli,"Didone,Enea&Iarba",C-1,C-1,C-4
0383,Dem14M,Se_tutti,1733,Caldara,Dircea,C-1,,
0384,Did02M,Diro_che,1726,Vinci,Enea,C-1,,
0385,Did06M,Se_dalle,1780,Astarita,Araspe,C-4,,
0386,Dem22M,Misero_pargoletto,1733,Caldara,Timante,C-1,,
0387,Did102X,Nel_tuo,1744,Scalabrini,Selene,C-1,,
0388,Did04MXa,Grato_rende,1726,Vinci,Osmida,C-3,,
0389,Dem25M,Non_dura,1733,Caldara,Creusa,C-1,,
0390,Dem24M,Che_mai,1733,Caldara,Dircea,C-1,,
0391,Dem23M,Odo_il,1733,Caldara,Demofoonte,C-3,,
0392,Did100X,Tu_mi_guardi,1744,Scalabrini,Didone,C-1,,
0393,Did05M,Fra_lo,1726,Vinci,Iarba,C-3,,
0394,Did06M,Se_dalle,1726,Vinci,Araspe,C-1,,
0395,Did07M,Quando_saprai,1726,Vinci,Enea,C-4,,
0396,Did101X,Costanza_mio,1744,Scalabrini,Araspe,C-1,,
0397,Did24M,Chiamami_pur,1744,Scalabrini,Iarba,C-4,,
0398,Did07M,Quando_saprai,1780,Astarita,Enea,C-1,,
0399,Dem18M,La_destra,1733,Caldara,Dircea&Timante,C-1,C-1,
0400,Dem19M,Non_odi,1733,Caldara,Adrasto,F-4,,
0401,Dem20M,Nel_tuo,1733,Caldara,Cherinto,C-1,,
0402,Dem21M,Ah_che,1733,Caldara,Matusio,C-4,,
0403,Dem16M,Felice_eta,1733,Caldara,Creusa,C-1,,
0404,Dem17M,Perfidi_gia,1733,Caldara,Demofoonte,C-3,,
0405,DId104X,Di_quest_alma,1744,Scalabrini,Selene,C-1,,
0406,Did08M,Ogni_amator,1726,Vinci,Selene,C-1,,
0407,Dem15M,No_non,1733,Caldara,Cherinto,C-1,,
0408,Dem09M,Se_ardire,1733,Caldara,Timante,C-1,,
0409,Dem10M,Tu_sai,1733,Caldara,Creusa,C-1,,
0410,Dem07M,Il_suo,1733,Caldara,Cherinto,C-1,,
0411,Dem08M,Padre_perdona,1733,Caldara,Dircea,C-1,,
0412,Dem11M,Prudente_mi,1733,Caldara,Timante,C-1,,
0413,Dem12M,Se_tronca,1733,Caldara,Demofoonte,C-3,,
0414,Did98X,Bel_labbro,1744,Scalabrini,Araspe,C-1,,
0415,Did09M,Son_quel,1726,Vinci,Iarba,C-3,,
0416,Did11M,Tu_mi_disarmi,1780,Astarita,Iarba,F-4,,
0417,Dem02M,In_te,1733,Caldara,Dircea,C-1,,
0418,Dem03M,Per_lei,1733,Caldara,Demofoonte,C-3,,
0419,Dem04M,Sperai_vicino,1733,Caldara,Timante,C-1,,
0420,Dem01M,O_piu,1733,Caldara,Matusio,C-4,,
0421,Dem05M,Tintendo_ingrata,1733,Caldara,Cherinto,C-1,,
0422,Dem06M,Non_curo,1733,Caldara,Creusa,C-1,,
0423,DId27M,Su_la,1726,Vinci,Araspe,C-1,,
0424,Did15M,Leon_che,1726,Vinci,Iarba,C-3,,
0425,Did16M,Ardi_per,1726,Vinci,Selene,C-1,,
0426,Did35M,Se_vuoi,1726,Vinci,Didone,C-1,,
0427,Did19M,Vedi_nel,1726,Vinci,Enea,C-4,,
0428,Did14M,Pensa_che,1780,Astarita,Osmida,C-1,,
0429,Did51Xb,Ah_non_sai,1780,Astarita,Enea,C-4,,
0430,Dem01M,O_piu,1735,Leo,Matusio,C-4,,
0431,Dem02M,In_te,1735,Sarro,Dircea,C-1,,
0432,Dem03M,Per_lei,1735,Mancini,Demofoonte,C-1,,
0433,Dem04M,Sperai_vicino,1735,Leo,Timante,C-1,,
0434,Dem06M,Non_curo,1735,Sarro,Creusa,C-1,,
0435,Did36M,Son_questidoli,1726,Vinci,Osmida,C-1,,
0436,Did31M,Va_crescendo,1780,Astarita,Didone,C-1,,
0437,Did84X,Se_un,1780,Astarita,Selene,C-1,,
0438,Did24M,Chiamami_pur,1780,Astarita,Iarba,F-4,,
0439,Did105X,Sono_intrepido,1726,Vinci,Araspe,C-1,,
0440,Did17M,L_augelletto,1726,Vinci,Selene,C-1,,
0441,Did24M,Chiamami_pur,1726,Vinci,Iarba,C-3,,
0442,Did55M-ZenXb,Non_so,1780,Astarita,Araspe,C-4,,
0443,Did01M,O_piu,1775,Myslivecek,Matusio,C-4,,
0444,Did02M,In_te,1775,Myslivecek,Dircea,C-1,,
0445,Dem03M,Per_lei,1775,Myslivecek,Demofoonte,C-4,,
0446,Dem04M,Sperai_vicino,1775,Myslivecek,Timante,C-1,,
0447,Dem05M,Tintendo_ingrata,1775,Myslivecek,Cherinto,C-1,,
0448,Dem06M,Non_curo,1775,Myslivecek,Creusa,C-1,,
0449,Did53Xb,Ombra_cara,1780,Astarita,Didone,C-1,,
0450,Did44M,Prende_ardire,1726,Vinci,Didone,C-1,,
0451,Dem07M,Il_suo,1735,Leo,Cherinto,C-1,,
0452,Dem09M,Se_ardire,1735,Sarro,Timante,C-1,,
0453,Dem27X,Cangi_per,1735,Sarro,Creusa,C-1,,
0454,Dem11M,Prudente_mi,1735,Mancini,Timante,C-1,,
0455,Did106X,Vanne_a,1780,Astarita,Enea,C-4,,
0456,Dem12M,Se_tronca,1735,Leo,Demofoonte,C-1,,
0457,Dem13M,E_soccorso,1735,Mancini,Matusio,C-4,,
0458,Dem15M,No_non,1735,Sarro,Cherinto,C-1,,
0459,Dem16M,Felice_eta,1735,Mancini,Creusa,C-1,,
0460,Dem18M,La_destra,1735,Leo,Dircea&Timante,C-1,C-1,
0461,Dem20M,Nel_tuo,1735,Mancini,Cherinto,C-1,,
0462,Dem28X,Del_Sole,1735,Sarro,Matusio,C-4,,
0463,Dem01M,O_piu,1743,Jommelli,Matusio,C-3,,
0464,Dem02M,In_te,1743,Jommelli,Dircea,C-1,,
0465,Dem03M,Per_lei,1743,Jommelli,Demofoonte,C-4,,
0466,Dem08M,Padre_perdona,1775,Myslivecek,Dircea,C-1,,
0467,Dem10M,Tu_sai,1775,Myslivecek,Creusa,C-1,,
0468,Did107X,Parmi_dudir,1780,Astarita,Osmida,C-1,,
0469,Did23M,Odo_il,1735,Mancini,Demofoonte,C-1,,
0470,Dem24M,Che_mai,1735,Sarro,Dircea,C-1,,
0471,Dem25M,Non_dura,1735,Leo,Dircea,C-1,,
0472,Did31M,Va_crescendo,1776,Schuster,Didone,C-1,,
0473,Did19M,Vedi_nel,1744,Scalabrini,Enea,C-1,,
0474,Did12M,Non_ha,1744,Scalabrini,Didone,C-1,,
0475,Dem04M,Sperai_vicino,1743,Jommelli,Timante,C-1,,
0476,Dem06M,Non_curo,1743,Jommelli,Creusa,C-1,,
0477,Dem07M,Il_suo,1743,Jommelli,Cherinto,C-1,,
0478,Dem01M,O_piu,1734,Schiassi,Matusio,C-3,,
0479,Dem02M,In_te,1734,Schiassi,Dircea,C-1,,
0480,Dem53X,Io_non,1734,Schiassi,Adrasto,C-1,,
0481,Dem03M,Per_lei,1734,Schiassi,Demofoonte,C-4,,
0482,Dem04M,Sperai_vicino,1734,Schiassi,Timante,C-3,,
0483,Dem54X,Alma_piu,1734,Schiassi,Cherinto,C-1,,
0484,Did108X,Va_crudele,1780,Astarita,Didone&Enea,C-1,C-1,
0485,Did02M,Diro_che,,Galuppi,Selene,C-1,,
0486,Dem11M,Prudente_mi,1775,Myslivecek,Timante,C-1,,
0487,Dem13M,E_soccorso,1775,Myslivecek,Matusio,C-4,,
0488,Did07M,Quando_saprai,,Galuppi,Enea,C-1,,
0489,Dem15M,No_non,1775,Myslivecek,Cherinto,C-1,,
0490,Dem23M,Odo_il,1775,Myslivecek,Demofoonte,C-4,,
0491,Dem17M,Perfidi_gia,1775,Myslivecek,Demofoonte,C-4,,
0492,Dem24M,Che_mai,1775,Myslivecek,Dircea,C-1,,
0493,Did16M,Ardi_per,,Galuppi,Selene,C-1,,
0494,Dem06M,Non_curo,1734,Schiassi,Creusa,C-3,,
0495,Dem07M,Il_suo,1734,Schiassi,Cherinto,C-1,,
0496,Dem08M,Padre_perdona,1734,Schiassi,Dircea,C-1,,
0497,Dem55X,Son_qual,1734,Schiassi,Timante,C-3,,
0498,Dem10M,Tu_sai,1734,Schiassi,Creusa,C-3,,
0499,Dem11M,Prudente_mi,1737,Schiassi,Timante,C-3,,
0500,Dem08M,Padre_perdona,1747,Jommelli,Dircea,C-1,,
0501,Dem09M,Se_ardire,1747,Jommelli,Timante,C-1,,
0502,Dem09MB,Temo_in,1747,Jommelli,Matusio,C-1,,
0503,Dem12M,Se_tronca,1734,Schiassi,Demofoonte,C-4,,
0504,Dem13M,E_soccorso,1734,Schiassi,Matusio,C-3,,
0505,Dem52X,Se_ti,1775,Myslivecek,Adrasto,C-1,,
0506,Did18M,Ah_non_lasciarmi,,Galuppi,Didone,C-1,,
0507,Dem11M,Prudente_mi,1743,Jommelli,Timante,C-1,,
0508,Dem12M,Se_tronca,1743,Jommelli,Demofoonte,C-4,,
0509,Dem15M,No_non,1743,Jommelli,Cherinto,C-1,,
0510,Dem09M,Se_ardire,1775,Myslivecek,Timante,C-1,,
0511,Dem18M,La_destra,1775,Myslivecek,Dircea&Timante,C-1,C-1,
0512,Dem14XM,Lempia_mia,1734,Schiassi,Dircea,C-1,,
0513,Dem15M,No_non,1734,Schiassi,Cherinto,C-1,,
0514,Dem16M,Felice_eta,1734,Schiassi,Creusa,C-3,,
0515,Did20M,Fosca_nube,,Galuppi,Iarba,C-4,,
0516,Did41M,La_caduta,,Galuppi,Iarba,C-4,,
0517,Dem01M,O_piu,1766,Bernasconi,Matusio,C-4,,
0518,Dem02M,In_te,1766,Bernasconi,Dircea,C-1,,
0519,Dem03M,Per_lei,1766,Bernasconi,Demofoonte,C-4,,
0520,Dem04M,Sperai_vicino,1766,Bernasconi,Timante,C-1,,
0521,Dem05M,Tintendo_ingrata,1766,Bernasconi,Cherinto,C-1,,
0522,Dem06M,Non_curo,1766,Bernasconi,Creusa,C-1,,
0523,Dem07M,Il_suo,1766,Bernasconi,Cherinto,C-1,,
0524,Dem08M,Padre_perdona,1766,Bernasconi,Dircea,C-1,,
0525,Dem09M,Se_ardire,1766,Bernasconi,Timante,C-1,,
0526,Dem10M,Tu_sai,1766,Bernasconi,Creusa,C-1,,
0527,Dem11M,Prudente_mi,1766,Bernasconi,Timante,C-1,,
0528,Dem13M,E_soccorso,1766,Bernasconi,Matusio,C-4,,
0529,Dem15M,No_non,1766,Bernasconi,Cherinto,C-1,,
0530,Dem17M,Perfidi_gia,1766,Bernasconi,Demofoonte,C-4,,
0531,Dem18M,La_destra,1766,Bernasconi,Dircea&Timante,C-1,C-1,
0532,Dem19M,Non_odi,1766,Bernasconi,Adrasto,C-1,,
0533,Dem20M,Nel_tuo,1766,Bernasconi,Cherinto,C-1,,
0534,Dem21M,Ah_che,1766,Bernasconi,Matusio,C-4,,
0535,Dem23M,Odo_il,1766,Bernasconi,Demofoonte,C-4,,
0536,Dem24M,Che_mai,1766,Bernasconi,Dircea,C-1,,
0537,Dem25M,Non_dura,1766,Bernasconi,Creusa,C-1,,
0538,Dem16M,Felice_eta,1743,Jommelli,Creusa,C-1,,
0539,Dem17M,Perfidi_gia,1743,Jommelli,Demofoonte,C-4,,
0540,Dem01M,O_piu,1748,Hasse,Matusio,C-3,,
0541,Dem02M,In_te,1748,Hasse,Dircea,C-1,,
0542,Dem11M,Prudente_mi,1748,Hasse,Timante,C-1,,
0543,Dem18M,La_destra,1754,Manna,Dircea&Timante,C-1,C-1,
0544,Dem11M,Prudente_mi,1754,Manna,Timante,C-1,,
0545,Dem20M,Nel_tuo,1754,Manna,Cherinto,C-1,,
0546,Dem56X,Parto_oh_dio,1754,Manna,Matusio,C-4,,
0547,Dem23M,Odo_il,1754,Manna,Demofoonte,C-4,,
0548,Dem24M,Che_mai,1754,Manna,Dircea,C-1,,
0549,Dem17M,Perfidi_gia,1754,Manna,"Dircea,Timante&Demofoonte",C-1,C-3,C-4
0550,Dem19M,Non_odi,1734,Schiassi,Adrasto,C-1,,
0551,Dem20M,Nel_tuo,1734,Schiassi,Cherinto,C-1,,
0552,Dem22M,Misero_pargoletto,1734,Schiassi,Timante,C-3,,
0553,Dem23M,Odo_il,1734,Schiassi,Demofoonte,C-4,,
0554,Dem24M,Che_mai,1734,Schiassi,Dircea,C-1,,
0555,Dem25M,Non_dura,1734,Schiassi,Creusa,C-3,,
0556,Dem25M,Non_dura,1748,Hasse,Creusa,C-1,,
0557,Dem03M,Per_lei,1754,Manna,Demofoonte,C-4,,
0558,Dem10M,Tu_sai,1754,Manna,Creusa,C-3,,
0559,Dem17M,Perfidi_gia,1754,Manna,Demofoonte,C-4,,
0560,Dem19M,Non_odi,1754,Manna,Adrasto,C-3,,
0561,Dem01M,O_piu,1758,Hasse,Matusio,C-4,,
0562,Dem02M,In_te,1758,Hasse,Dircea,C-1,,
0563,Dem03M,Per_lei,1758,Hasse,Demofoonte,C-4,,
0564,Dem04M,Sperai_vicino,1758,Hasse,Timante,C-1,,
0565,Dem06M,Non_curo,1758,Hasse,Creusa,C-1,,
0566,Dem07M,Il_suo,1758,Hasse,Cherinto,C-3,,
0567,Dem08M,Padre_perdona,1758,Hasse,Dircea,C-1,,
0568,Dem39X,Per_lei_mi,1758,Hasse,Timante,C-1,,
0569,Dem10M,Tu_sai,1758,Hasse,Creusa,C-1,,
0570,Dem11M,Prudente_mi,1758,Hasse,Timante,C-1,,
0571,Dem12M,Se_tronca,1758,Hasse,Demofoonte,C-4,,
0572,Dem15M,No_non,1758,Hasse,Cherinto,C-3,,
0573,Dem16M,Felice_eta,1758,Hasse,Creusa,C-1,,
0574,Dem17M,Perfidi_gia,1758,Hasse,Demofoonte,C-4,,
0575,Dem18M,La_destra,1758,Hasse,Dircea&Timante,C-1,C-1,
0576,Dem19M,Non_odi,1758,Hasse,Adrasto,C-1,,
0577,Dem20M,Nel_tuo,1758,Hasse,Cherinto,C-3,,
0578,Dem23M,Odo_il,1758,Hasse,Demofoonte,C-4,,
0579,Dem24M,Che_mai,1758,Hasse,Dircea,C-1,,
0580,Dem07M,Il_suo,1771,Sarti,Cherinto,C-4,,
0581,Dem13M,E_soccorso,1771,Sarti,Matusio,C-4,,
0582,Dem15M,No_non,1771,Sarti,Cherinto,C-4,,
0583,Dem01M,O_piu,1743,Gluck,Matusio,C-4,,
0584,Dem02M,In_te,1743,Gluck,Dircea,C-1,,
0585,Dem03M,Per_lei,1743,Gluck,Demofoonte,C-4,,
0586,Dem04M,Sperai_vicino,1743,Gluck,Timante,C-1,,
0587,Dem05M,Tintendo_ingrata,1743,Gluck,Cherinto,C-3,,
0588,Dem06M,Non_curo,1743,Gluck,Creusa,C-1,,
0589,Dem07M,Il_suo,1743,Gluck,Cherinto,C-3,,
0590,Dem08M,Padre_perdona,1743,Gluck,Dircea,C-1,,
0591,Dem10M,Tu_sai,1743,Gluck,Creusa,C-1,,
0592,Dem11M,Prudente_mi,1743,Gluck,Timante,C-1,,
0593,Dem12M,Se_tronca,1743,Gluck,Demofoonte,C-4,,
0594,Dem13M,E_soccorso,1743,Gluck,Matusio,C-4,,
0595,Dem14M,Se_tutti,1743,Gluck,Dircea,C-1,,
0596,Dem15M,No_non,1743,Gluck,Cherinto,C-3,,
0597,Dem16M,Felice_eta,1743,Gluck,Creusa,C-1,,
0598,Dem21M,Ah_che,1743,Gluck,Matusio,C-4,,
0599,Dem22M,Misero_pargoletto,1743,Gluck,Timante,C-1,,
0600,Dem24M,Che_mai,1743,Gluck,Dircea,C-1,,
0601,Dem20M,Nel_tuo,1743,Gluck,Cherinto,C-3,,
0602,Dem25M,Non_dura,1743,Gluck,Creusa,C-1,,
0603,Dem19M,Non_odi,1743,Gluck,Adrasto,C-1,,
0604,Dem23M,Odo_il,1743,Gluck,Demofoonte,C-4,,
0605,Dem50M-Oli16X,Gemo_in,1743,Gluck,Timante,C-1,,
0606,Dem18M,La_destra,1743,Gluck,Dircea&Timante,C-1,C-1,
0607,Dem67M,Non_e_ver,1743,Gluck,Adrasto,C-1,,
0608,Dem03M,Per_lei,1748,Hasse,Demofoonte,C-4,,
0609,Dem24M,Che_mai,1748,Hasse,Dircea,C-1,,
0610,Dem06M,Non_curo,1748,Hasse,Creusa,C-1,,
0611,Dem15M,No_non,1754,Manna,Cherinto,C-1,,
0612,Dem12M,Se_tronca,1754,Manna,Demofoonte,C-4,,
0613,Dem01M,O_piu,1761,Piccinni,Matusio,C-4,,
0614,Dem02M,In_te,1761,Piccinni,Dircea,C-1,,
0615,Dem03M,Per_lei,1761,Piccinni,Demofoonte,C-4,,
0616,Dem04M,Sperai_vicino,1761,Piccinni,Timante,C-1,,
0617,Dem40X,Parto_crudel,1761,Piccinni,Cherinto,C-1,,
0618,Dem41X,Piu_non,1761,Piccinni,Creusa,C-1,,
0619,Dem42X,Di_quel,1761,Piccinni,Cherinto,C-1,,
0620,Dem09M,Se_ardire,1761,Piccinni,Timante,C-1,,
0621,Dem08M,Padre_perdona,1761,Piccinni,Dircea,C-1,,
0622,Dem11M,Prudente_mi,1761,Piccinni,Timante,C-1,,
0623,Dem43X,Del_genitor,1761,Piccinni,Demofoonte,C-4,,
0624,Dem13M,E_soccorso,1761,Piccinni,Matusio,C-4,,
0625,Dem18M,La_destra,1761,Piccinni,"Dircea,Timante",C-1,C-1,
0626,Dem44X,Se_potesse,1761,Piccinni,Dircea,C-1,,
0627,Dem15M,No_non,1761,Piccinni,Cherinto,C-1,,
0628a,Dem61X,Si_tintendo,1761,Piccinni,Creusa,C-1,,
0628b,Dem65X-61X,Non_temer,1761,Piccinni,Creusa,C-1,,
0629,Dem17M,Perfidi_gia,1761,Piccinni,Demofoonte,C-4,,
0630,Dem19M,Non_odi,1761,Piccinni,Adrasto,C-1,,
0631,Dem45X,Di_speme,1761,Piccinni,Cherinto,C-1,,
0632,Dem46X,E_cessato,1761,Piccinni,Matusio,C-4,,
0633,Dem25M,Non_dura,1761,Piccinni,Creusa,C-1,,
0634,Dem47X,Perche_perche,1761,Piccinni,Dircea,C-1,,
0635,Ale01M,E_prezzo,1730,Vinci,Gandarte,C-4,,
0636,Ale02M,Vedrai_con,1730,Vinci,Poro,C-1,,
0637,Ale03M,Vil_trofeo,1730,Vinci,Alessandro,C-1,,
0638,Ale04M,Chi_vive,1730,Vinci,Erissena,C-1,,
0639,Ale05M,O_sugli,1730,Vinci,Timagene,C-3,,
0640,Ale06M,Se_mai,1730,Vinci,Poro,C-1,,
0641,Ale07M,Se_mai,1730,Vinci,Cleofide,C-1,,
0642,Ale08M,Se_possono,1730,Vinci,Poro,C-1,,
0643,Ale09M,Compagni nell,1730,Vinci,Erissena,C-1,,
0644,Ale10M,Voi_che,1730,Vinci,Gandarte,C-4,,
0645,Ale11M,Se_amore,1730,Vinci,Alessandro,C-1,,
0646,Ale06M-Ale07M,Se_mai,1730,Vinci,"Cleofide,Poro",C-1,C-1,
0647,Ale12M,Non_sarei,1730,Vinci,Erissena,C-1,,
0648,Ale13M,Senza_procelle,1730,Vinci,Poro,C-1,,
0649,Ale15M,Dun_barbaro,1730,Vinci,Alessandro,C-1,,
0650,Ale16M,Digli_che,1730,Vinci,Cleofide,C-1,,
0651,Ale17M,Destrier_che,1730,Vinci,Poro,C-1,,
0652,Ale18M,E_ver,1730,Vinci,Timagene,C-3,,
0653,Ale19M,Se_e,1730,Vinci,Alessandro,C-1,,
0654,Ale20M,Se_il,1730,Vinci,"Cleofide,Poro",C-1,,
0655,Ale21M,Se_viver,1730,Vinci,Gandarte,C-4,,
0656,Ale22M,Di_rendermi,1730,Vinci,Erissena,C-1,,
0657,Ale23M,Risveglia_lo,1730,Vinci,Poro,C-1,,
0658,Ale24M,Se_troppo,1730,Vinci,Cleofide,C-1,,
0659,Ale25M,Come_il,1730,Vinci,Erissena,C-1,,
0660,Ale26M,Serbati_a,1730,Vinci,Alessandro,C-1,,
0661,Ale28M,Dove_si,1730,Vinci,Poro,C-1,,
0662,Ale29M,Mio_ben,1730,Vinci,Gandarte,C-4,,
0663,Ale30M,Son_confusa,1730,Vinci,Erissena,C-1,,
0664,Ale31M,Ombra_dell,1730,Vinci,Cleofide,C-1,,
0665,Did23M,Veggio_la,-,Galuppi,Selene,C-1,,
0666,Did29M,A-trionfar,-,Galuppi,Selene,C-1,,
0667,Did02M,Diro_che,1764,Galuppi,Selene,C-1,,
0668,Ale01M,E_prezzo,1755,Galuppi,Gandarte,C-1,,
0669,Ale02M,Vedrai_con,1755,Galuppi,Poro,C-1,,
0670,Ale03M,Vil_trofeo,1755,Galuppi,Alessandro,C-1,,
0671,Ale04M,Chi_vive,1755,Galuppi,Erissena,C-1,,
0672,Ale05M,O_sugli,1755,Galuppi,Timagene,C-1,,
0673,Ale06M,Se_mai,1755,Galuppi,Poro,C-1,,
0674,Ale07M,Se_mai,1755,Galuppi,Cleofide,C-1,,
0675,Ale08M,Se_possono,1755,Galuppi,Poro,C-1,,
0676,Ale57X,Non_va,1755,Galuppi,Gandarte,C-1,,
0677,Ale11M,Se_amore,1755,Galuppi,Alessandro,C-4,,
0678,Ale06M-Ale07M,Se_mai,1755,Galuppi,"Cleofide,Poro",C-1,C-1,
0679,Ale58X,Frangi_la,1755,Galuppi,Gandarte,C-1,,
0680,Ale12M,Non_sarei,1755,Galuppi,Erissena,C-3,,
0681,Ale59X,Se_vuol,1755,Galuppi,Alessandro,C-4,,
0682,Ale16M,Digli_che,1755,Galuppi,Cleofide,C-1,,
0683,Ale17M,Destrier_che,1755,Galuppi,Poro,C-1,,
0684,Did04M,Tu_mi_scorgi,1764,Galuppi,Osmida,C-4,,
0685,Did05M,Fra_lo,1764,Galuppi,Iarba,C-4,,
0686,Did06M,Se_dalle,1764,Galuppi,Araspe,C-3,,
0687,Did11M,Tu_mi_disarmi,1764,Galuppi,Iarba,C-4,,
0688,Did14M,Pensa_che,1764,Galuppi,Osmida,C-4,,
0689,Did30M,Nel_duol,1764,Galuppi,Selene,C-1,,
