id,label,name,year,composer,librettist,act,scene,act_scene,city,country,character,type,form,clef1,clef2,clef3
0001,Did,Son_regina,1724,Sarro,M,1,5,105,Naples,Italy,Didone,Female lover 1,Al segno,C-1,,
0002,Did,Non_ha,1770,Piccinni,M,1,18,118,Rome,Italy,Didone,Female lover 1,Al segno,C-1,,
0003,Did,Non_ha,1724,Sarro,M,1,17,117,Naples,Italy,Didone,Female lover 1,Da capo,C-1,,
0004,Did,Dovrei_ma,1730,Sarro,M,1,2,102,Naples,Italy,Enea,Male lover 1,recit,C-1,,
0005,Did,Diro_che,1730,Sarro,M,1,3,103,Naples,Italy,Selene,Female lover 2,Al segno,C-1,,
0006,Did,Son_regina,1730,Sarro,M,1,5,105,Naples,Italy,Didone,Female lover 1,Al segno,C-1,,
0007,Did,Non_ha,1730,Sarro,M,1,17,117,Naples,Italy,Didone,Female lover 1,Al segno,C-1,,
0008,Did,Son_regina,1739,Lampugnani,M,1,5,105,Padova,Italy,Didone,Female lover 1,Al segno,C-1,,
0009,Did,Ah_non_lasciarmi,1739,Lampugnani,M,2,7,207,Padova,Italy,Didone,Female lover 1,Da capo,C-1,,
0010,Did,Son_regina,1760,Bernasconi,M,1,5,105,Venice,Italy,Didone,Female lover 1,Al segno,C-1,,
0011,Did,Ah_non_lasciarmi,1760,Bernasconi,M,2,7,207,Venice,Italy,Didone,Female lover 1,Da capo,C-1,,
0012,Did,Son_regina,1742,Hasse,M,1,5,105,Wermsdorf,Empire,Didone,Female lover 1,Al segno,C-1,,
0013,Did,Non_ha,1742,Hasse,M,1,18,118,Wermsdorf,Empire,Didone,Female lover 1,Al segno,C-1,,
0014,Did,Non_ha,1747,Jommelli,M,1,17,117,Rome,Italy,Didone,Female lover 1,Da capo,C-1,,
0015,Did,Son_regina,1747,Jommelli,M,1,5,105,Rome,Italy,Didone,Female lover 1,Da capo,C-1,,
0016,Did,Son_regina,1749,Jommelli,M,1,5,105,Vienna,Empire,Didone,Female lover 1,Al segno,C-1,,
0017,Did,Non_ha,1753,Perez,M,1,17,117,Genova,Italy,Didone,Female lover 1,Al segno,C-1,,
0018,Did,Non_ha,1762,Sarti,M,1,15,115,Copenhagen,Denmark,Didone,Female lover 1,ABA,C-1,,
0019,Did,Non_ha,1763,Jommelli,M,1,17,117,Stuttgart,Empire,Didone,Female lover 1,Al segno,C-1,,
0020,Did,Non_ha,1764,Galuppi,M,1,17,117,Venice,Italy,Didone,Female lover 1,Al segno,C-1,,
0021,Did,Non_ha,1775,Anfossi,M,1,11,111,Venice,Italy,Didone,Female lover 1,AB,C-1,,
0022,Did,Ah_non_lasciarmi,1742,Hasse,M,2,6,206,Wermsdorf,Empire,Didone,Female lover 1,Al segno,C-1,,
0023,Did,Diro_che,1724,Sarro,M,1,3,103,Naples,Italy,Selene,Female lover 2,Da capo,C-1,,
0024,Did,Se_dalle,1724,Sarro,M,1,8,108,Naples,Italy,Araspe,Male lover 3,Da capo,C-4,,
0025,Did,Dovrei_ma,1739,Lampugnani,M,1,2,102,Padova,Italy,Enea,Male lover 1,recit,C-1,,
0026,Did,Tu_mi_scorgi,1739,Lampugnani,M,1,6,106,Padova,Italy,Osmida,Antagonist,Al segno,C-1,,
0027,Did,Fra_lo,1739,Lampugnani,M,1,7,107,Padova,Italy,Iarba,Male lover 2,Al segno,C-4,,
0028,Did,Quando_saprai,1739,Lampugnani,M,1,9,109,Padova,Italy,Enea,Male lover 1,Al segno,C-1,,
0029,Did,Dovrei_ma,1760,Bernasconi,M,1,2,102,Venice,Italy,Enea,Male lover 1,recit,C-1,,
0030,Did,Diro_che,1760,Bernasconi,M,1,3,103,Venice,Italy,Selene,Female lover 2,Al segno,C-1,,
0031,Did,Ah_non_lasciarmi,1747,Jommelli,M,2,2,202,Rome,Italy,Didone,Female lover 1,Da capo,C-1,,
0032,Did,Non_ha,1749,Jommelli,M,1,17,117,Vienna,Italy,Didone,Female lover 1,Da capo,C-1,,
0033,Did,Son_regina,1753,Perez,M,1,5,105,Genova,Italy,Didone,Female lover 1,Al segno,C-1,,
0034,Did,Ah_non_lasciarmi,1753,Perez,M,2,6,206,Genova,Italy,Didone,Female lover 1,Al segno,C-1,,
0035,Did,Ah_non_lasciarmi,1763,Traetta,M,2,4,204,Venice,Italy,Didone,Female lover 1,Da capo,C-1,,
0036,Did,Ah_non_lasciarmi,1762,Sarti,M,2,4,204,Copenhagen,Denmark,Didone,Female lover 1,ABA,C-1,,
0037,Did,Ah_non_lasciarmi,1764,Galuppi,M,2,7,207,Venice,Italy,Didone,Female lover 1,Al segno,C-1,,
0038,Did,Son_regina,1768,Boroni,M,1,5,105,Prague,Empire,Didone,Female lover 1,Al segno,C-1,,
0039,Did,Ah_non_lasciarmi,1768,Boroni,M,2,5,205,Prague,Empire,Didone,Female lover 1,Al segno,C-1,,
0040,Did,Son_regina,1769,Majo,M,1,6,106,Venice,Italy,Didone,Female lover 1,Al segno,C-1,,
0041,Did,Son_regina,1770,Piccinni,M,1,5,105,Rome,Italy,Didone,Female lover 1,Al segno,C-1,,
0042,Did,Ah_non_lasciarmi,1770,Piccinni,M,2,2,202,Rome,Italy,Didone,Female lover 1,Al segno,C-1,,
0043,Did,Son_regina,1775,Anfossi,M,1,4,104,Venice,Italy,Didone,Female lover 1,ABA,C-1,,
0044,Did,Ah_non_lasciarmi,1775,Anfossi,M,2,4,204,Venice,Italy,Didone,Female lover 1,ABA,C-1,,
0045,Did,Ah_non_lasciarmi,1769,Majo,M,2,3,203,Venice,Italy,Didone,Female lover 1,AB,C-1,,
0046,Did,Infelice_e,1724,Sarro,M,1,13,113,Naples,Italy,Araspe,Male lover 3,Da capo,C-4,,
0047,Did,Son_regina,1776,Schuster,M,1,5,105,Naples,Italy,Didone,Female lover 1,ABA,C-1,,
0048,Did,Ah_non_lasciarmi,1749,Jommelli,M,2,4,204,Vienna,Empire,Didone,Female lover 1,Al segno,C-1,,
0049,Did,Son_regina,1762,Sarti,M,1,5,105,Copenhagen,Denmark,Didone,Female lover 1,Da capo,C-1,,
0050,Did,Ah_non_lasciarmi,1763,Jommelli,M,2,3,203,Stuttgart,Empire,Didone,Female lover 1,Al segno,C-1,,
0051,Did,Son_regina,1763,Jommelli,M,1,5,105,Stuttgart,Empire,Didone,Female lover 1,Al segno,C-1,,
0052,Did,Ah_non_lasciarmi,1776,Schuster,M,2,7,207,Naples,Italy,Didone,Female lover 1,ABA,C-1,,
0053,Did,Son_regina,1763,Traetta,M,1,5,105,Venice,Italy,Didone,Female lover 1,Al segno,C-1,,
0054,Did,Aura_con,1739,Lampugnani,X,1,10,110,Padova,Italy,Selene,Female lover 2,Al segno,C-1,,
0055,Did,Tu_mi_scorgi,1724,Sarro,M,1,6,106,Naples,Italy,Osmida,Antagonist,Al segno,C-3,,
0056,Did,Fra_lo,1724,Sarro,M,1,7,107,Naples,Italy,Iarba,Male lover 2,Da capo,C-3,,
0057,Did,Quando_saprai,1724,Sarro,M,1,10,110,Naples,Italy,Enea,Male lover 1,Al segno,C-1,,
0058,Did,Ogni_amator,1724,Sarro,M,1,11,111,Naples,Italy,Selene,Female lover 2,Da capo,C-1,,
0059,Did,Son_quel,1724,Sarro,M,1,12,112,Naples,Italy,Iarba,Male lover 2,Al segno,C-3,,
0060,Did,Tu_mi_disarmi,1724,Sarro,M,1,16,116,Naples,Italy,Iarba,Male lover 2,Da capo,C-3,,
0061,Did,Se_resto,1724,Sarro,M,1,18,118,Naples,Italy,Enea,Male lover 1,Al segno,C-1,,
0062,Did,Tu_mi_scorgi,1730,Sarro,M,1,6,106,Naples,Italy,Osmida,Antagonist,Al segno,C-4,,
0063,Did,Fra_lo,1730,Sarro,M,1,7,107,Naples,Italy,Iarba,Male lover 2,Al segno,C-4,,
0064,Did,Se_dalle,1730,Sarro,M,1,8,108,Naples,Italy,Araspe,Male lover 3,Da capo,C-1,,
0065,Did,Quando_saprai,1730,Sarro,M,1,10,110,Naples,Italy,Enea,Male lover 1,Al segno,C-1,,
0066,Did,Ogni_amator,1730,Sarro,M,1,11,111,Naples,Italy,Selene,Female lover 2,Da capo,C-1,,
0067,Did,Son_quel,1730,Sarro,M,1,12,112,Naples,Italy,Iarba,Male lover 2,Al segno,C-4,,
0068,Did,Infelice_e,1730,Sarro,M,1,13,113,Naples,Italy,Araspe,Male lover 3,Al segno,C-1,,
0069,Did,Pensa_che,1730,Sarro,M,2,1,201,Naples,Italy,Osmida,Antagonist,Al segno,C-4,,
0070,Did,Leon_che,1739,Lampugnani,M,2,2,202,Padova,Italy,Iarba,Male lover 2,AB,C-4,,
0071,Did,L_augelletto,1739,Lampugnani,M,2,4,204,Padova,Italy,Araspe,Male lover 3,Al segno,C-1,,
0072,Did,Vedi_nel,1739,Lampugnani,M,2,8,208,Padova,Italy,Enea,Male lover 1,Da capo,C-1,,
0073,Did,Sono_tanti,1739,Lampugnani,X,2,10,210,Padova,Italy,Osmida,Antagonist,Al segno,C-1,,
0074,Did,Tormento_il,1739,Lampugnani,M,2,13,213,Padova,Italy,Enea,Male lover 1,Al segno,C-1,,
0075,Did,Tu_mi_scorgi,1760,Bernasconi,M,1,6,106,Venice,Italy,Osmida,Antagonist,Al segno,C-4,,
0076,Did,Se_dalle,1760,Bernasconi,M,1,8,108,Venice,Italy,Araspe,Male lover 3,Al segno,C-3,,
0077,Did,Quando_saprai,1760,Bernasconi,M,1,10,110,Venice,Italy,Enea,Male lover 1,Da capo,C-1,,
0078,Did,Son_quel,1760,Bernasconi,M,1,13,113,Venice,Italy,Iarba,Male lover 2,Al segno,C-4,,
0079,Did,Son_regina,1794,Paisiello,M,1,5,105,Naples,Italy,Didone,Female lover 1,ABAB,C-1,,
0080,Dem,Misero_pargoletto,1735,Leo,M,3,4,304,Naples,Italy,Timante,Male lover 1,Al segno,C-1,,
0081,Dem,Misero_pargoletto,1743,Jommelli,M,3,5,305,Padova,Italy,Timante,Male lover 1,Da capo,C-1,,
0082,Dem,Misero_pargoletto,1766,Bernasconi,M,3,5,305,Munich,Italy,Timante,Male lover 1,Al segno,C-1,,
0083,Dem,Misero_pargoletto,1748,Hasse,M,3,5,305,Dresden,Empire,Timante,Male lover 1,Al segno,C-1,,
0086,Dem,Se_tutti,1735,Leo,M,2,6,206,Naples,Italy,Dircea,Female lover 1,Da capo,C-1,,
0087,Dem,Misero_pargoletto,1758,Ferradini,M,3,4,304,Milan,Italy,Timante,Male lover 1,Al segno,C-1,,
0088,Dem,Misero_pargoletto,1754,Manna,M,3,5,305,Turin,Italy,Timante,Male lover 1,Da capo,C-1,,
0089,Dem,Misero_pargoletto,1758,Galuppi,M,3,5,305,Padova,Italy,Timante,Male lover 1,Al segno,C-1,,
0090,Dem,Misero_pargoletto,1764,Jommelli,M,3,5,305,Stuttgart,Empire,Timante,Male lover 1,Al segno,C-1,,
0091,Dem,Se_tutti,1743,Jommelli,M,2,6,306,Padova,Italy,Dircea,Female lover 1,Da capo,C-1,,
0092,Did,Se_resto,1730,Sarro,M,1,18,218,Naples,Italy,Enea,Male lover 1,Al segno,C-1,,
0093,Dem,Misero_pargoletto,1752,Perez,M,3,5,305,Lisbon,Portugal,Timante,Male lover 1,Al segno,C-1,,
0094,Dem,Misero_pargoletto,1753,Jommelli,M,3,5,305,Milan,Italy,Timante,Male lover 1,Da capo,C-1,,
0095,Dem,Misero_pargoletto,1775,Myslivecek,M,3,5,305,Naples,Italy,Timante,Male lover 1,ABAB,C-1,,
0096,Dem,Misero_pargoletto,1758,Hasse,M,3,5,305,Naples,Italy,Timante,Male lover 1,Al segno,C-1,,
0097,Dem,Misero_pargoletto,1761,Piccinni,M,3,5,305,Reggio Emilia,Italy,Timante,Male lover 1,Al segno,C-1,,
0098,Dem,Misero_pargoletto,1790,Errichelli,M,3,,,,,Timante,Male lover 1,Da capo,C-1,,
0099,Dem,Misero_pargoletto,1771,Sarti,M,3,5,305,Copenhagen,Denmark,Timante,Male lover 1,Al segno,C-1,,
0100,Dem,Misero_pargoletto,1746,Graun,M,3,5,305,Berlin,Empire,Timante,Male lover 1,Al segno,C-1,,
0101,Did,Se_resto,1742,Hasse,M,1,19,119,Wermsdorf,Empire,Enea,Male lover 1,Al segno,C-3,,
0102,Dem,Misero_pargoletto,1776,Monza,M,3,5,305,Alessandria,Italy,Timante,Male lover 1,AA ,C-1,,
0103,Did,Se_resto,1747,Jommelli,M,1,18,118,Rome,Italy,Enea,Male lover 1,Da capo,C-1,,
0104,Did,Se_resto,1776,Schuster,M,2,15,215,Naples,Italy,Enea,Male lover 1,ABAB,C-1,,
0105,Did,Se_resto,1753,Perez,M,1,18,118,Genova,Italy,Enea,Male lover 1,Al segno,C-1,,
0106,Did,Se_resto,1775,Anfossi,M,2,7,207,Venice,Italy,Enea,Male lover 1,ABA,C-1,,
0107,Did,Se_resto,1763,Traetta,M,1,18,118,Venice,Italy,Enea,Male lover 1,Da capo,C-1,,
0108,Did,Se_resto,1749,Jommelli,M,2,18,217,Rome,Italy,Enea,Male lover 1,Al segno,C-1,,
0109,Did,Se_resto,1764,Galuppi,M,1,18,118,Venice,Italy,Enea,Male lover 1,Al segno,C-3,,
0110,Dem,Se_tutti,1758,Galuppi,M,2,6,206,Padova,Italy,Dircea,Female lover 1,Al segno,C-1,,
0111,Dem,Se_tutti,1758,Ferradini,M,2,6,206,Milan,Italy,Dircea,Female lover 1,Da capo,C-1,,
0112,Did,Se_resto,1770,Piccinni,M,1,19,119,Rome,Italy,Enea,Male lover 1,Al segno,C-1,,
0113,Dem,Se_tutti,1748,Hasse,M,2,6,206,Dresden,Empire,Dircea,Female lover 1,Al segno,C-1,,
0114,Dem,Se_tutti,1754,Manna,M,2,7,207,Turin,Italy,Dircea,Female lover 1,Da capo,C-1,,
0115,Dem,Se_tutti,1752,Perez,M,2,6,206,Lisbon,Portugal,Dircea,Female lover 1,Al segno,C-1,,
0116,Dem,Se_tutti,1753,Jommelli,M,2,6,206,Milan,Italy,Dircea,Female lover 1,Da capo,C-1,,
0117,Dem,Se_tutti,1749,Galuppi,M,2,6,206,Madrid,Spain,Dircea,Female lover 1,Da capo,C-1,,
0118,Dem,Se_tutti,1758,Hasse,M,2,6,206,Naples,Italy,Dircea,Female lover 1,Al segno,C-1,,
0119,Dem,Se_tutti,1764,Jommelli,M,2,6,206,Stuttgart,Empire,Dircea,Female lover 1,Da capo,C-1,,
0120,Dem,Se_tutti,1770,Jommelli,M,2,7,207,Naples,Italy,Dircea,Female lover 1,Al segno,C-1,,
0121,Did,Cadra_fra,,Wagenseil,M,3,,,,,Iarba,Male lover 2,Al segno,,,
0122,Dem,Se_tutti,1775,Myslivecek,M,2,6,206,Naples,Italy,Dircea,Female lover 1,ABA,C-1,,
0123,Did,Cadra_fra,1742,Hasse,M,3,19,319,Wermsdorf,Empire,Iarba,Male lover 2,Da capo,C-1,,
0124,Did,Cadra_fra,1747,Jommelli,M,3,19,319,Rome,Italy,Iarba,Male lover 2,Da capo,C-4,,
0125,Did,Cadra_fra,1768,Boroni,M,3,14,314,Prague,Empire,Iarba,Male lover 2,ABA,C-4,,
0126,Did,Cadra_fra,1770,Piccinni,M,3,19,319,Rome,Italy,Iarba,Male lover 2,Al segno,C-3,,
0127,Did,Cadra_fra,1769,Majo,M,3,12,312,Venice,Italy,Iarba,Male lover 2,ABA,C-4,,
0128,Did,Cadra_fra,1762,Sarti,M,3,15,315,Copenhagen,Denmark,Iarba,Male lover 2,AB,C-4,,
0129,Did,Cadra_fra,1753,Perez,M,3,18,318,Genova,Italy,Iarba,Male lover 2,recit,C-4,,
0130,Did,Cadra_fra,1764,Galuppi,M,3,16,316,Venice,Italy,Iarba,Male lover 2,Al segno,C-1,,
0131,Did,Cadra_fra,1730,Sarro,M,3,16,316,Naples,Italy,Iarba,Male lover 2,Da capo,C-4,,
0132,Did,Cadra_fra,1776,Schuster,M,3,16,316,Naples,Italy,Iarba,Male lover 2,AA ,C-4,,
0133,Did,Cadra_fra,1763,Traetta,M,3,18,318,Venice,Italy,Iarba,Male lover 2,Da capo,C-4,,
0134,Did,Son_regina,1764,Galuppi,M,1,5,105,Venice,Italy,Didone,Female lover 1,Al segno,C-1,,
0135,Did,Cadra_fra,1763,Jommelli,M,3,17,317,Stuttgart,Empire,Iarba,Male lover 2,Al segno,C-4,,
0136,Did,Ah_non_lasciarmi,1794,Paisiello,M,2,6,206,Naples,Italy,Didone,Female lover 1,ABA,C-1,,
0137,Did,Cadra_fra,1775,Anfossi,M,3,14,314,Venice,Italy,Iarba,Male lover 2,ABA,C-4,,
0138,Did,Cara_lavverso,1739,Lampugnani,X,1,17,117,Padova,Italy,Didone&Enea,Female lover 1,Al segno,C-1,C-1,
0139,Did,Dovrei_ma,1724,Sarro,M,1,2,102,Naples,Italy,Enea,Male lover 1,recit,C-1,,
0140,Did,Infelice_e,1739,Lampugnani,M,1,13,113,Padova,Italy,Araspe,Male lover 3,Al segno,C-1,,
0141,Did,Vedi_nel,1730,Sarro,M,2,8,208,Naples,Italy,Enea,Male lover 1,Da capo,C-1,,
0142,Did,Leon_che,1730,Sarro,M,2,3,203,Naples,Italy,Iarba,Male lover 2,Al segno,C-4,,
0143,Did,L_augelletto,1730,Sarro,M,2,5,205,Naples,Italy,Araspe,Male lover 3,Da capo,C-1,,
0144,Did,Se_vuoi,1730,Sarro,M,2,7,207,Naples,Italy,Didone,Female lover 1,Da capo,C-1,,
0145,Did,Ardi_per,1730,Sarro,M,2,4,204,Naples,Italy,Selene,Female lover 2,Al segno,C-1,,
0146,Did,Ah_non_lasciarmi,1810,Paer,M,2,2,202,Paris,France,Didone,Female lover 1,ABA,C-1,,
0147,Did,Tu_mi_disarmi,1742,Hasse,M,1,17,117,Wermsdorf,Empire,Iarba,Male lover 2,Al segno,C-1,,
0148,Did,Ogni_amator,1742,Hasse,M,1,11,111,Wermsdorf,Empire,Selene,Female lover 2,Al segno,C-1,,
0149,Did,Quando_saprai,1749,Jommelli,M,1,4,104,Vienna,Empire,Enea,Male lover 1,Da capo,C-1,,
0150,Did,Tu_mi_scorgi,1749,Jommelli,M,1,3,103,Vienna,Empire,Osmida,Antagonist,Da capo,C-3,,
0151,Did,Quando_saprai,1742,Hasse,M,1,10,110,Wermsdorf,Empire,Enea,Male lover 1,Al segno,C-3,,
0152,Did,Ogni_amator,1749,Jommelli,M,1,7,107,Vienna,Empire,Selene,Female lover 2,Da capo,C-1,,
0153,Did,Vedi_nel,1749,Jommelli,M,2,10,210,Vienna,Empire,Enea,Male lover 1,Da capo,C-1,,
0154,Did,Fosca_nube,1730,Sarro,M,2,9,209,Naples,Italy,Iarba,Male lover 2,Al segno,C-4,,
0155,Did,Tacero_se,1730,Sarro,M,2,11,211,Naples,Italy,Araspe,Male lover 3,Da capo,C-1,,
0156,Did,Non_cede,1730,Sarro, ,2,12,212,Naples,Italy,Enea,Male lover 1,Da capo,C-1,,
0157,Did,Veggio_la,1730,Sarro,M,2,13,213,Naples,Italy,Selene,Female lover 2,Al segno,C-1,,
0158,Did,Chiamami_pur,1730,Sarro,M,2,16,216,Naples,Italy,Iarba,Male lover 2,Da capo,C-4,,
0159,Did,Va_lusingando,1730,Sarro,M,2,17,217,Naples,Italy,Didone,Female lover 1,Da capo,C-1,,
0160,Did,Vivi_superbo,1730,Sarro,M,3,2,302,Naples,Italy,Enea,Male lover 1,Da capo,C-1,,
0161,Did,Agitata_e,1730,Sarro,M,3,4,304,Naples,Italy,Osmida,Antagonist,Da capo,C-4,,
0162,Did,Se_ti,1730,Sarro,X,3,5,305,Naples,Italy,Araspe,Male lover 3,Al segno,C-1,,
0163,Did,Sorge_cosi,1730,Sarro,X,3,6,306,Naples,Italy,Araspe,Male lover 3,Da capo,C-1,,
0164,Did,Va_crescendo,1730,Sarro,M,3,7,307,Naples,Italy,Didone,Female lover 1,A,C-1,,
0165,Did,Gia_si,1730,Sarro,M,3,13,313,Naples,Italy,Araspe,Male lover 3,Da capo,C-1,,
0166,Did,Vado_ma,1730,Sarro,M,3,18,318,Naples,Italy,Didone,Female lover 1,AB,C-1,,
0167,Did,Veggio_la,1739,Lampugnani,M,2,14,214,Padova,Italy,Enea,Male lover 1,Al segno,C-1,,
0168,Did,Chiamami_pur,1739,Lampugnani,M,2,17,217,Padova,Italy,Iarba,Male lover 2,Da capo,C-4,,
0169,Did,Parto_bell,1760,Bernasconi,X,1,18,118,Venice,Italy,Didone&Enea,Female lover 1,Al segno,C-1,C-1,
0170,Did,Pensa_che,1760,Bernasconi,M,2,1,201,Venice,Italy,Osmida,Antagonist,Al segno,C-4,,
0171,Did,Leon_che,1741,Bernasconi,M,2,3,203,Venice,Italy,Iarba,Male lover 2,Al segno,C-4,,
0172,Did,Ardi_per,1760,Bernasconi,M,2,4,204,Venice,Italy,Selene,Female lover 2,Al segno,C-1,,
0173,Did,Vedi_nel,1760,Bernasconi,M,2,8,208,Venice,Italy,Enea,Male lover 1,Al segno,C-1,,
0174,Did,Tacero_se,1760,Bernasconi,M,2,11,211,Venice,Italy,Araspe,Male lover 3,Al segno,C-3,,
0175,Did,Ah_non_sai,1760,Bernasconi,a,2,12,212,Venice,Italy,Enea,Male lover 1,Al segno,C-1,,
0176,Did,Cosi_fra,1760,Bernasconi,X,2,13,213,Venice,Italy,Selene,Female lover 2,Al segno,C-1,,
0177,Did,Chiamami_pur,1760,Bernasconi,M,2,16,216,Venice,Italy,Iarba,Male lover 2,Da capo,C-4,,
0178,Did,Io_veggo,1760,Bernasconi,m,2,17,217,Venice,Italy,Didone,Female lover 1,Al segno,C-1,,
0179,Did,Quando_londa,1760,Bernasconi,M,3,7,307,Venice,Italy,Osmida,Antagonist,Al segno,C-4,,
0180,Did,A_trionfar,1760,Bernasconi,M,3,8,308,Venice,Italy,Enea,Male lover 1,Al segno,C-1,,
0181,Did,Nel_duol,1760,Bernasconi,M,3,9,309,Venice,Italy,Selene,Female lover 2,Al segno,C-1,,
0182,Did,Va_crescendo,1760,Bernasconi,M,3,10,310,Venice,Italy,Didone,Female lover 1,A,C-1,,
0183,Did,Cadra_fra,1760,Bernasconi,M,3,19,319,Venice,Italy,Iarba,Male lover 2,Al segno,C-4,,
0184,Did,Vado_ma,1760,Bernasconi,M,3,21,321,Venice,Italy,Didone,Female lover 1,recit,C-1,,
0185,Did,Dovrei_ma,1742,Hasse,M,1,2,102,Wermsdorf,Empire,Enea,Male lover 1,recit,C-3,,
0186,Did,Diro_che,1742,Hasse,M,1,3,103,Wermsdorf,Empire,Selene,Female lover 2,Al segno,C-1,,
0187,Did,Tu_mi_scorgi,1742,Hasse,M,1,6,106,Wermsdorf,Empire,Osmida,Antagonist,Da capo,F-4,,
0188,Did,Fra_lo,1742,Hasse,M,1,7,107,Wermsdorf,Empire,Iarba,Male lover 2,Al segno,C-1,,
0189,Did,Se_dalle,1742,Hasse,M,1,8,108,Wermsdorf,Empire,Araspe,Male lover 3,Al segno,C-1,,
0190,Did,Leon_che,1742,Hasse,M,2,2,202,Wermsdorf,Empire,Iarba,Male lover 2,Al segno,C-1,,
0191,Did,L_augelletto,1742,Hasse,M,2,4,204,Wermsdorf,Empire,Araspe,Male lover 3,Al segno,C-1,,
0192,Did,Vedi_nel,1742,Hasse,M,2,7,207,Wermsdorf,Empire,Enea,Male lover 1,Al segno,C-3,,
0193,Did,Tacero_se,1742,Hasse,M,2,10,210,Wermsdorf,Empire,Araspe,Male lover 3,Da capo,C-1,,
0194,Did,Veggio_la,1742,Hasse,M,2,12,212,Wermsdorf,Empire,Selene,Female lover 2,Al segno,C-1,,
0195,Did,Chiamami_pur,1742,Hasse,M,2,15,215,Wermsdorf,Empire,Iarba,Male lover 2,Da capo,C-1,,
0196,Did,Va_lusingando,1742,Hasse,M,2,16,216,Wermsdorf,Empire,Didone,Female lover 1,Al segno,C-1,,
0197,Did,Vivi_superbo,1742,Hasse,M,3,2,302,Wermsdorf,Empire,Enea,Male lover 1,Al segno,C-3,,
0198,Did,Dovrei_ma,1747,Jommelli,M,1,2,102,Rome,Italy,Enea,Male lover 1,recit,C-1,,
0199,Did,Diro_che,1747,Jommelli,M,1,3,103,Rome,Italy,Selene,Female lover 2,Al segno,C-1,,
0200,Did,Tu_mi_scorgi,1747,Jommelli,M,1,6,106,Rome,Italy,Osmida,Antagonist,Da capo,C-3,,
0201,Did,Fra_lo,1747,Jommelli,M,1,7,107,Rome,Italy,Iarba,Male lover 2,Al segno,C-4,,
0202,Did,Diro_che,1749,Jommelli,M,1,3,103,Vienna,Empire,Selene,Female lover 2,Da capo,C-1,,
0203,Did,Se_dalle,1749,Jommelli,M,1,8,108,Vienna,Empire,Araspe,Male lover 3,Al segno,C-1,,
0204,Did,Tacero_se,1749,Jommelli,M,2,8,208,Vienna,Empire,Araspe,Male lover 3,Da capo,C-1,,
0205,Did,Va_lusingando,1749,Jommelli,M,2,14,214,Vienna,Empire,Didone,Female lover 1,Al segno,C-1,,
0206,Did,Ardi_per,1749,Jommelli,M,2,1,201,Vienna,Empire,Selene,Female lover 2,Da capo,C-1,,
0207,Did,Son_quel,1749,Jommelli,M,1,13,113,Vienna,Empire,Iarba,Male lover 2,Al segno,C-4,,
0208,Did,Tormento_il,1749,Jommelli,M,2,9,209,Vienna,Empire,Enea,Male lover 1,Da capo,C-1,,
0209,Did,Quando_londa,1749,Jommelli,M,3,6,306,Vienna,Empire,Osmida,Antagonist,Da capo,C-3,,
0210,Did,A_trionfar,1749,Jommelli,M,3,7,307,Vienna,Empire,Enea,Male lover 1,Al segno,C-1,,
0211,Did,Gia_si,1760,Bernasconi,M,3,16,316,Venice,Italy,Araspe,Male lover 3,Al segno,C-3,,
0212,Did,Quando_londa,1742,Hasse,M,3,7,307,Wermsdorf,Empire,Osmida,Antagonist,Al segno,F-4,,
0213,Did,A_trionfar,1742,Hasse,M,3,8,308,Wermsdorf,Empire,Enea,Male lover 1,Al segno,C-3,,
0214,Did,Quando_saprai,1747,Jommelli,M,1,9,109,Rome,Italy,Enea,Male lover 1,Da capo,C-1,,
0215,Did,Infelice_e,1747,Jommelli,M,1,13,113,Rome,Italy,Araspe,Male lover 3,Da capo,C-1,,
0216,Did,Tu_mi_disarmi,1747,Jommelli,M,1,16,116,Rome,Italy,Iarba,Male lover 2,Al segno,C-4,,
0217,Did,Nel_duol,1749,Jommelli,M,3,8,308,Vienna,Empire,Selene,Female lover 2,Da capo,C-1,,
0218,Did,Gia_si,1749,Jommelli,M,3,15,315,Vienna,Empire,Araspe,Male lover 3,Da capo,C-1,,
0219,Did,Fosca_nube,1749,Jommelli,M,3,6,306,Vienna,Empire,Iarba,Male lover 2,Al segno,C-4,,
0220,Did,Lungi_dal,1747,Jommelli,X,2,1,201,Rome,Italy,Didone,Female lover 1,Da capo,C-1,,
0221,Did,Vedi_nel,1747,Jommelli,M,2,3,203,Rome,Italy,Enea,Male lover 1,Da capo,C-1,,
0222,Did,Vivi_superbo,1747,Jommelli,M,3,2,302,Rome,Italy,Enea,Male lover 1,Da capo,C-1,,
0223,Did,Quando_londa,1747,Jommelli,M,3,7,307,Rome,Italy,Osmida,Antagonist,Da capo,C-3,,
0224,Did,A_trionfar,1747,Jommelli,M,3,8,308,Rome,Italy,Enea,Male lover 1,Da capo,C-1,,
0225,Did,Nel_duol,1747,Jommelli,M,3,9,309,Rome,Italy,Selene,Female lover 2,Da capo,C-1,,
0226,Did,Va_crescendo,1747,Jommelli,M,3,10,310,Rome,Italy,Didone,Female lover 1,AA ,C-1,,
0227,Did,Gia_si,1747,Jommelli,M,3,16,316,Rome,Italy,Araspe,Male lover 3,Da capo,C-1,,
0228,Did,Vado_ma,1747,Jommelli,M,3,21,321,Rome,Italy,Didone,Female lover 1,recit,C-1,,
0229,Did,Nel_duol,1742,Hasse,M,3,9,309,Wermsdorf,Empire,Selene,Female lover 2,Al segno,C-1,,
0230,Did,Dovrei_ma,1753,Perez,M,1,2,102,Genova,Italy,Enea,Male lover 1,Al segno,C-1,,
0231,Did,Gia_si,1742,Hasse,M,3,16,316,Wermsdorf,Empire,Araspe,Male lover 3,Da capo,C-1,,
0232,Did,Ombra_cara,1742,Hasse,X,3,18,318,Wermsdorf,Empire,Didone,Female lover 1,Da capo,C-1,,
0233,Did,Diro_che,1753,Perez,M,1,3,103,Genova,Italy,Selene,Female lover 2,Al segno,C-1,,
0234,Did,Vado_ma,1742,Hasse,M,3,21,321,Wermsdorf,Empire,Didone,Female lover 1,AB,C-1,,
0235,Did,Tu_mi_scorgi,1753,Perez,M,1,6,106,Genova,Italy,Osmida,Antagonist,Al segno,C-4,,
0236,Did,Fra_lo,1753,Perez,M,1,7,107,Genova,Italy,Iarba,Male lover 2,Al segno,C-4,,
0237,Did,Tacero_se,1747,Jommelli,M,2,6,206,Rome,Italy,Araspe,Male lover 3,Da capo,C-1,,
0238,Did,Ah_le,1747,Jommelli,X,2,7,207,Rome,Italy,Enea,Male lover 1,Da capo,C-1,,
0239,Did,Quando_saprai,1753,Perez,M,1,9,109,Genova,Italy,Enea,Male lover 1,Al segno,C-1,,
0240,Did,Veggio_la,1747,Jommelli,M,2,8,208,Rome,Italy,Selene,Female lover 2,Da capo,C-1,,
0241,Did,Son_quel,1753,Perez,M,1,2,112,Genova,Italy,Iarba,Male lover 2,Al segno,C-4,,
0242,Did,Dovrei_ma,1763,Traetta,M,1,2,102,Venice,Italy,Enea,Male lover 1,ABAB,C-1,,
0243,Did,Diro_che,1763,Traetta,M,1,3,103,Venice,Italy,Selene,Female lover 2,Da capo,C-1,,
0244,Did,Se_dalle,1753,Perez,M,1,13,113,Genova,Italy,Araspe,Male lover 3,Al segno,C-1,,
0245,Did,Tu_mi_disarmi,1753,Perez,M,1,16,116,Genova,Italy,Iarba,Male lover 2,Al segno,C-4,,
0246,Did,Fra_lo,1763,Traetta,M,1,7,107,Venice,Italy,Iarba,Male lover 2,Da capo,C-4,,
0247,Did,Sho_la,1753,Perez,X,2,1,201,Genova,Italy,Selene,Female lover 2,Al segno,C-1,,
0248,Did,Pace_non,1763,Traetta,X,1,8,108,Venice,Italy,Araspe,Male lover 3,Al segno,C-3,,
0249,Did,Non_so,1753,Perez,a,2,4,204,Genova,Italy,Araspe,Male lover 3,Al segno,C-1,,
0250,Did,Vedi_nel,1753,Perez,M,2,7,207,Genova,Italy,Enea,Male lover 1,Al segno,C-1,,
0251,Did,Quando_saprai,1763,Traetta,M,1,10,110,Venice,Italy,Enea,Male lover 1,Da capo,C-1,,
0252,Did,Fosca_nube,1753,Perez,M,2,8,208,Genova,Italy,Iarba,Male lover 2,Da capo,C-4,,
0253,Did,Nell_affano,1753,Perez,X,2,11,211,Genova,Italy,Enea,Male lover 1,Al segno,C-1,,
0254,Did,Io_veggo,1739,Lampugnani,m,2,18,218,Padova,Italy,Didone,Female lover 1,Al segno,C-1,,
0255,Did,Fra_tutte,1753,Perez,X,2,12,212,Genova,Italy,Selene,Female lover 2,Al segno,C-1,,
0256,Did,Chiamami_pur,1753,Perez,M,2,15,215,Genova,Italy,Iarba,Male lover 2,Al segno,C-4,,
0257,Did,Dovrei_ma,1762,Sarti,M,1,2,102,Copenhagen,Denmark,Enea,Male lover 1,recit,C-1,,
0258,Did,Infelice_abbandonata,1753,Perez,X,2,16,216,Genova,Italy,Didone,Female lover 1,Al segno,C-1,,
0259,Did,Tu_mi_scorgi,1762,Sarti,M,1,6,106,Copenhagen,Denmark,Osmida,Antagonist,Al segno,C-4,,
0260,Did,Son_quel,1762,Sarti,M,1,12,112,Copenhagen,Denmark,Iarba,Male lover 2,Da capo,C-4,,
0261,Did,Teneri_affetti,1753,Perez,X,3,7,307,Genova,Italy,Enea,Male lover 1,Al segno,C-1,,
0262,Did,Se_dalle,1762,Sarti,M,1,7,107,Copenhagen,Denmark,Araspe,Male lover 3,Da capo,F-4,,
0263,Did,Chel_nocchier,1753,Perez,X,3,3,303,Genova,Italy,Araspe,Male lover 3,Al segno,C-1,,
0264,Did,Ardi_per,1762,Sarti,M,2,1,201,Copenhagen,Denmark,Selene,Female lover 2,Da capo,C-1,,
0265,Did,Non_cede,1762,Sarti, ,1,16,116,Copenhagen,Denmark,Enea,Male lover 1,Al segno,C-1,,
0266,Did,Vado_ma,1753,Perez,M,3,20,320,Genova,Italy,Didone,Female lover 1,recit,C-1,,
0267,Did,Va_crescendo,1753,Perez,M,3,9,309,Genova,Italy,Didone,Female lover 1,AA ,C-1,,
0268,Did,Nel_duol,1753,Perez,M,3,8,308,1751,Perez,Selene,Female lover 2,Al segno,C-1,,
0269,Did,La_caduta,1762,Sarti,M,3,2,302,Copenhagen,Denmark,Iarba,Male lover 2,A,C-4,,
0270,Did,Fosca_nube,1762,Sarti,M,2,5,205,Copenhagen,Denmark,Iarba,Male lover 2,Da capo,C-4,,
0271,Did,Quando_saprai,1762,Sarti,M,1,9,109,Copenhagen,Denmark,Enea,Male lover 1,Al segno,C-1,,
0272,Did,Quando_londa,1762,Sarti,M,3,4,304,Copenhagen,Denmark,Osmida,Antagonist,Da capo,C-4,,
0273,Did,Vado_ma,1762,Sarti,M,3,18,318,Copenhagen,Denmark,Didone,Female lover 1,recit,C-1,,
0274,Did,A_trionfar,1762,Sarti,M,3,5,305,Copenhagen,Denmark,Enea,Male lover 1,Al segno,C-1,,
0275,Did,Io_damor,1762,Sarti,M,3,6,306,Copenhagen,Denmark,Selene,Female lover 2,Al segno,C-1,,
0276,Did,Va_crescendo,1762,Sarti,M,3,6,306,Copenhagen,Denmark,Didone,Female lover 1,A,C-1,,
0277,Did,Tormento_il,1762,Sarti,M,2,8,208,Copenhagen,Denmark,Enea,Male lover 1,Al segno,C-1,,
0278,Did,Chiamami_pur,1762,Sarti,M,2,14,214,Copenhagen,Denmark,Iarba,Male lover 2,AA,C-4,,
0279,Did,Vado_ma,1768,Boroni,M,3,15,315,Prague,Empire,Didone,Female lover 1,recit,C-1,,
0280,Did,Dovrei_ma,1768,Boroni,M,1,2,102,Prague,Empire,Enea,Male lover 1,AA ,C-1,,
0281,Did,Tu_mi_scorgi,1768,Boroni,M,1,6,106,Prague,Empire,Osmida,Antagonist,Al segno,C-4,,
0282,Did,Fra_lo,1768,Boroni,M,1,7,107,Prague,Empire,Iarba,Male lover 2,Al segno,C-4,,
0283,Did,Quando_saprai,1768,Boroni,M,1,10,110,Prague,Empire,Enea,Male lover 1,Al segno,C-1,,
0284,Did,Infelice_e,1768,Boroni,M,1,13,113,Prague,Empire,Araspe,Male lover 3,Al segno,C-3,,
0285,Did,Dovrei_ma,1769,Majo,M,1,3,103,Venice,Italy,Enea,Male lover 1,AA ,C-1,,
0286,Did,Tacero_se,1762,Sarti,M,2,7,207,Copenhagen,Denmark,Araspe,Male lover 3,Al segno,F-4,,
0287,Did,Tu_mi_disarmi,1768,Boroni,M,1,13,113,Prague,Empire,Iarba,Male lover 2,Al segno,C-4,,
0288,Did,Pensa_che,1768,Boroni,M,2,1,201,Prague,Empire,Osmida,Antagonist,AAA,C-4,,
0289,Did,Ogni_amator,1762,Sarti,M,2,9,209,Copenhagen,Denmark,Selene,Female lover 2,Al segno,C-1,,
0290,Did,Tacero_se,1768,Boroni,M,2,9,209,Prague,Empire,Araspe,Male lover 3,ABABA,C-3,,
0291,Did,Diro_che,1769,Majo,M,1,4,104,Venice,Italy,Selene,Female lover 2,Al segno,C-1,,
0292,Did,Dovrei_ma,1810,Paer,M,1,2,102,Paris,France,Enea,Male lover 1,AA ,C-4,,
0293,Did,Fra_lo,1769,Majo,M,1,8,108,Venice,Italy,Iarba,Male lover 2,Al segno,C-4,,
0294,Did,Ah_non_sai,1768,Boroni,a,2,10,210,Prague,Empire,Enea,Male lover 1,Al segno,C-1,,
0295,Did,Povero_cor,1810,Paer,M,1,4,104,Paris,France,Didone,Female lover 1,ABC,C-1,,
0296,Did,Veggio_la,1768,Boroni,M,2,11,211,Prague,Empire,Selene,Female lover 2,Al segno,C-1,,
0297,Did,Quando_saprai,1769,Majo,M,1,10,110,Venice,Italy,Enea,Male lover 1,AA,C-1,,
0298,Did,A_trionfar,1768,Boroni,M,3,6,306,Prague,Empire,Enea,Male lover 1,AA,C-1,,
0299,Did,Rupe_esposta,1769,Majo,X,1,12,112,Venice,Italy,Araspe,Male lover 3,Al segno,C-1,,
0300,Did,Nel_duol,1768,Boroni,M,3,7,307,Prague,Empire,Selene,Female lover 2,AAA,C-1,,
0301,Did,Va_crescendo,1768,Boroni,M,3,7,307,Prague,Empire,Didone,Female lover 1,AA,C-1,,
0302,Did,Gia_si,1768,Boroni,M,3,11,311,Prague,Empire,Araspe,Male lover 3,AA,C-3,,
0303,Did,Tu_mi_disarmi,1810,Paer,M,1,9,109,Paris,France,Iarba,Male lover 2,ABCB,C-4,,
0304,Did,Tu_mi_disarmi,1769,Majo,M,1,14,114,Venice,Italy,Iarba,Male lover 2,ABA,C-4,,
0305,Did,Quanto_per,1769,Majo,X,1,15,115,Venice,Italy,Didone,Female lover 1,AA,C-1,,
0306,Did,Fosca_nube,1768,Boroni,M,2,7,207,Prague,Empire,Iarba,Male lover 2,Al segno,C-4,,
0307,Did,Diro_che,1768,Boroni,M,1,3,103,Prague,Empire,Selene,Female lover 2,Al segno,C-1,,
0308,Did,No_non_parti,1768,Boroni,X,2,13,213,Prague,Empire,Didone&Enea&Iarba,,ABA,C-1,C-1,C-4
0309,Did,Accoglio_regina,1810,Paer,X,1,5,105,Paris,France,Didone&Iarba,,AB,C-1,C-4,
0310,Did,Placa_il,1768,Boroni,X,1,7,107,Prague,Empire,Didone&Enea,,ABAB,C-1,C-1,
0311,Did,Dovrei_ma,1794,Paisiello,M,1,2,102,Naples,Italy,Enea,Male lover 1,recit,C-1,,
0312,Did,Passagier_che,1769,Majo,X,1,16,116,Venice,Italy,Enea,Male lover 1,Al segno,C-1,,
0313,Did,Se_resto,1794,Paisiello,M,2,13,213,Naples,Italy,Enea,Male lover 1,ABA,C-1,,
0314,Did,Diro_che,1794,Paisiello,M,1,3,113,Naples,Italy,Selene,Female lover 2,AA,C-1,,
0315,Did,Se_dalle,1794,Paisiello,M,1,7,107,Naples,Italy,Araspe,Male lover 3,ABCB,C-1,,
0316,Did,Cadra_fra,1794,Paisiello,M,2,15,215,Naples,Italy,Iarba,Male lover 2,ABA,C-1,,
0317,Did,Tu_mi_disarmi,1794,Paisiello,M,1,15,115,Naples,Italy,Iarba,Male lover 2,ABA,C-1,,
0318,Did,Pensa_che,1794,Paisiello,M,2,1,201,Naples,Italy,Osmida,Antagonist,AB,C-1,,
0319,Did,Son_regina,1744,Scalabrini,a,1,1,101,Hamburg,Empire,Didone,Female lover 1,Da capo,C-1,,
0320,Did,Quando_saprai,1794,Paisiello,M,1,9,109,Naples,Italy,Enea,Male lover 1,ABC,C-1,,
0321,Did,So_che,1794,Paisiello,g,2,4,204,Naples,Italy,Araspe,Male lover 3,ABA,C-1,,
0322,Did,Fra_lo,1744,Scalabrini,M,1,3,103,Hamburg,Empire,Iarba,Male lover 2,Da capo,C-4,,
0323,Did,Fra_tutte,1794,Paisiello,X,C-1,10,210,Naples,Italy,Selene,Female lover 2,AAA,C-1,,
0324,Did,A_trionfar,1763,Jommelli,M,3,6,306,Stuttgart,Empire,Enea,Male lover 1,Da capo,C-1,,
0325,Did,Vado_ma,1794,Paisiello,M,3,16,316,Naples,Italy,Didone,Female lover 1,AAAB,C-1,,
0326,Did,Cadra_fra,1744,Scalabrini,M,3,8,308,Hamburg,Empire,Iarba,Male lover 2,Da capo,C-4,,
0327,Did,Ah_non_lasciarmi,1750,Viotti,M,,,,,,Didone,Female lover 1,Da capo,C-1,,
0328,Did,Diro_che,1763,Jommelli,M,1,3,103,Stuttgart,Empire,Selene,Female lover 2,Al segno,C-1,,
0329,Did,La_caduta,1763,Jommelli,M,3,2,302,Stuttgart,Empire,Iarba,Male lover 2,A,C-4,,
0330,Did,Chiamami_pur,1747,Jommelli,M,2,11,211,Rome,Italy,Iarba,Male lover 2,Da capo,C-4,,
0331,Did,Morire_oh,1794,Paisiello,X,1,16,116,Naples,Italy,Didone&Enea,,AB,C-1,C-1,
0332,Did,Non_so,1769,Majo,n,2,1,201,Venice,Italy,Araspe,Male lover 3,Al segno,C-1,,
0333,Did,Nel_mirar,1769,Majo,X,2,2,202,Venice,Italy,Osmida,Antagonist,Al segno,C-4,,
0334,Did,Quando_saprai,1744,Scalabrini,M,1,4,104,Hamburg,Empire,Enea,Male lover 1,Da capo,C-1,,
0335,Did,Va_crescendo,1744,Scalabrini,M,3,3,303,Hamburg,Empire,Selene,Female lover 2,AB,C-1,,
0336,Did,L_augelletto,1744,Scalabrini,M,3,4,304,Hamburg,Empire,Araspe,Male lover 3,Al segno,C-1,,
0337,Did,Diro_che,1776,Schuster,M,1,3,103,Naples,Italy,Selene,Female lover 2,ABA,C-1,,
0338,Did,Son_quel,1776,Schuster,M,1,7,107,Naples,Italy,Iarba,Male lover 2,ABAB,C-4,,
0339,Did,Se_il,1747,Jommelli,X,2,12,212,Rome,Italy,Didone,Female lover 1,Da capo,C-1,,
0340,Did,Veggio_la,1769,Majo,M,2,9,209,Venice,Italy,Selene,Female lover 2,ABA,C-1,,
0341,Did,Fosca_nube,1769,Majo,M,2,5,205,Venice,Italy,Iarba,Male lover 2,Al segno,C-4,,
0342,Did,Se_dalle,1776,Schuster,M,1,8,108,Naples,Italy,Araspe,Male lover 3,ABA,C-1,,
0343,Did,Quando_saprai,1776,Schuster,M,1,10,110,Naples,Italy,Enea,Male lover 1,ABA,C-1,,
0344,Did,Tu_mi_scorgi,1763,Jommelli,M,1,6,106,Stuttgart,Empire,Osmida,Antagonist,Al segno,C-1,,
0345,Did,Per_pieta,1769,Majo,X,2,8,208,Venice,Italy,Enea,Male lover 1,Al segno,C-1,,
0346,Did,Va_crescendo,1769,Majo,M,3,4,304,Venice,Italy,Didone,Female lover 1,AA,C-1,,
0347,Did,Tu_mi_disarmi,1776,Schuster,M,1,16,116,Naples,Italy,Iarba,Male lover 2,AA,C-4,,
0348,Did,Se_dalle,1763,Jommelli,M,1,8,108,Stuttgart,Empire,Araspe,Male lover 3,Al segno,C-1,,
0349,Did,Quando_saprai,1763,Jommelli,M,1,10,110,Stuttgart,Empire,Enea,Male lover 1,Al segno,C-1,,
0350,Did,Non_partir,1769,Majo,X,2,11,211,Venice,Italy,"Didone,Enea&Iarba",,AB,C-1,C-1,C-4
0351,Did,Son_regina,1726,Vinci,a,1,5,105,Rome,Italy,Didone,Female lover 1,Da capo,C-1,,
0352,Did,Pensa_che,1776,Schuster,M,2,1,201,Naples,Italy,Osmida,Antagonist,AA,C-1,,
0353,Did,Chiamami_pur,1776,Schuster,M,2,13,213,Naples,Italy,Iarba,Male lover 2,AA,C-4,,
0354,Did,Se_un,1776,Schuster,X,2,11,211,Naples,Italy,Selene,Female lover 2,AA,C-1,,
0355,Did,Voglio_che,1776,Schuster,X,2,14,214,Naples,Italy,Didone,Female lover 1,ABA,C-1,,
0356,Did,Son_quel,1747,Jommelli,M,2,4,204,Rome,Italy,Iarba,Male lover 2,Da capo,C-4,,
0357,Did,Son_quel,1763,Jommelli,M,1,13,113,Stuttgart,Empire,Iarba,Male lover 2,Al segno,C-4,,
0358,Did,Datre_nubi,1763,Jommelli,X,2,1,201,Stuttgart,Empire,Araspe,Male lover 3,Al segno,C-1,,
0359,Did,L_augelletto,1776,Schuster,M,2,5,205,Naples,Italy,Araspe,Male lover 3,ABA,C-1,,
0360,Did,Vorrei_disciogliere,1776,Schuster,M,3,4,304,Naples,Italy,Araspe,Male lover 3,Al segno,C-1,,
0361,Did,Non_ha,1726,Vinci,M,1,18,118,Rome,Italy,Didone,Female lover 1,Da capo,C-1,,
0362,Did,Se_resto,1726,Vinci,M,1,19,119,Rome,Italy,Enea,Male lover 1,Da capo,C-4,,
0363,Did,Son_regina,1780,Astarita,M,1,5,105,Bratislava,Empire,Didone,Female lover 1,ABA,C-1,,
0364,Did,Ah_non_lasciarmi,1780,Astarita,M,2,6,206,Bratislava,Empire,Didone,Female lover 1,AAA,C-1,,
0365,Did,Se_resto,1780,Astarita,M,2,15,215,Bratislava,Empire,Enea,Male lover 1,ABAB,C-4,,
0366,Did,Fosca_nube,1763,Jommelli,M,2,5,205,Stuttgart,Empire,Iarba,Male lover 2,Al segno,C-4,,
0367,Did,Ombra_cara,1776,Schuster,b,3,17,317,Naples,Italy,Didone,Female lover 1,AA,C-1,,
0368,Did,Quando_freme,1743,Terradellas,X,2,13,213,Rome,Italy,Didone,Female lover 1,Da capo,C-1,,
0369,Did,Ah_non_sai,1763,Jommelli,a,2,8,208,Stuttgart,Empire,Enea,Male lover 1,Al segno,C-1,,
0370,Did,Ah_non_lasciarmi_ingrato,1776,Schuster,X,1,17,117,Naples,Italy,Didone&Enea,,ABCA,C-1,C-1,
0371,Did,Cadra_fra,1780,Astarita,M,3,9,309,Bratislava,Empire,Iarba,Male lover 2,ABA,F-4,,
0372,Did,Ogni_amator,1763,Jommelli,M,2,9,209,Stuttgart,Empire,Selene,Female lover 2,Al segno,C-1,,
0373,Did,Va_crescendo,1763,Jommelli,M,3,8,308,Stuttgart,Empire,Didone,Female lover 1,AAA,C-1,,
0374,Did,Vivi_superbo,1744,Scalabrini,M,3,1,301,Hamburg,Empire,Enea,Male lover 1,Al segno,C-1,,
0375,Did,Ah_non_lasciarmi,1788,Andreozzi,M,,,,,,Didone,Female lover 1,AB,C-1,,
0376,Did,Diro_che,1780,Astarita,M,1,3,103,Bratislava,Empire,Selene,Female lover 2,ABA,C-1,,
0377,Did,Dovrei_ma,1780,Astarita,M,1,2,102,Bratislava,Empire,Enea,Male lover 1,ABB,C-1,,
0378,Did,Son_quel,1780,Astarita,M,1,7,107,Bratislava,Empire,Iarba,Male lover 2,ABA,F-4,,
0379,Did,Sdegno_ingegno,1744,Scalabrini,X,1,2,102,Hamburg,Empire,Osmida,Antagonist,Da capo,C-3,,
0380,Did,Se_resto,1744,Scalabrini,M,1,10,110,Hamburg,Empire,Enea,Male lover 1,Da capo,C-1,,
0381,Did,Scherza_il,1744,Scalabrini,M,2,5,205,Hamburg,Empire,Osmida,Antagonist,Al segno,C-3,,
0382,Did,Infidel_ti,1763,Jommelli,X,2,11,211,Stuttgart,Empire,"Didone,Enea&Iarba",,ABC,C-1,C-1,C-4
0383,Dem,Se_tutti,1733,Caldara,M,2,6,206,Vienna,Empire,Dircea,Female lover 1,Da capo,C-1,,
0384,Did,Diro_che,1726,Vinci,M,1,3,103,Rome,Italy,Enea,Male lover 1,Da capo,C-1,,
0385,Did,Se_dalle,1780,Astarita,M,1,8,108,Bratislava,Empire,Araspe,Male lover 3,ABA,C-4,,
0386,Dem,Misero_pargoletto,1733,Caldara,M,3,5,305,Vienna,Empire,Timante,Male lover 1,Da capo,C-1,,
0387,Did,Nel_tuo,1744,Scalabrini,X,1,5,105,Hamburg,Empire,Selene,Female lover 2,Da capo,C-1,,
0388,Did,Grato_rende,1726,Vinci,a,1,6,106,Rome,Italy,Osmida,Antagonist,Da capo,C-3,,
0389,Dem,Non_dura,1733,Caldara,M,3,8,308,Vienna,Empire,Creusa,Female lover 2,Da capo,C-1,,
0390,Dem,Che_mai,1733,Caldara,M,3,7,307,Vienna,Empire,Dircea,Female lover 1,Da capo,C-1,,
0391,Dem,Odo_il,1733,Caldara,M,3,6,306,Vienna,Empire,Demofoonte,Senior ruler,Da capo,C-3,,
0392,Did,Tu_mi_guardi,1744,Scalabrini,X,2,3,203,Hamburg,Empire,Didone,Female lover 1,Da capo,C-1,,
0393,Did,Fra_lo,1726,Vinci,M,1,7,107,Rome,Italy,Iarba,Male lover 2,Da capo,C-3,,
0394,Did,Se_dalle,1726,Vinci,M,1,8,108,Rome,Italy,Araspe,Male lover 3,Da capo,C-1,,
0395,Did,Quando_saprai,1726,Vinci,M,1,10,110,Rome,Italy,Enea,Male lover 1,Da capo,C-4,,
0396,Did,Costanza_mio,1744,Scalabrini,X,1,6,106,Hamburg,Empire,Araspe,Male lover 3,Da capo,C-1,,
0397,Did,Chiamami_pur,1744,Scalabrini,M,2,12,,Hamburg,Empire,Iarba,Male lover 2,Da capo,C-4,,
0398,Did,Quando_saprai,1780,Astarita,M,1,10,110,Bratislava,Empire,Enea,Male lover 1,ABA,C-1,,
0399,Dem,La_destra,1733,Caldara,M,2,11,211,Vienna,Empire,Dircea&Timante,,Da capo,C-1,C-1,
0400,Dem,Non_odi,1733,Caldara,M,3,1,301,Vienna,Empire,Adrasto,Confidant,Da capo,F-4,,
0401,Dem,Nel_tuo,1733,Caldara,M,3,2,302,Vienna,Empire,Cherinto,Male lover 2,Da capo,C-1,,
0402,Dem,Ah_che,1733,Caldara,M,3,3,303,Vienna,Empire,Matusio,Antagonist,Da capo,C-4,,
0403,Dem,Felice_eta,1733,Caldara,M,2,8,208,Vienna,Empire,Creusa,Female lover 2,Da capo,C-1,,
0404,Dem,Perfidi_gia,1733,Caldara,M,2,10,210,Vienna,Empire,Demofoonte,Senior ruler,Da capo,C-3,,
0405,Did,Di_quest_alma,1744,Scalabrini,X,2,9,209,Hamburg,Empire,Selene,Female lover 2,Da capo,C-1,,
0406,Did,Ogni_amator,1726,Vinci,M,1,11,111,Rome,Italy,Selene,Female lover 2,Da capo,C-1,,
0407,Dem,No_non,1733,Caldara,M,2,7,207,Vienna,Empire,Cherinto,Male lover 2,Da capo,C-1,,
0408,Dem,Se_ardire,1733,Caldara,M,1,13,113,Vienna,Empire,Timante,Male lover 1,Da capo,C-1,,
0409,Dem,Tu_sai,1733,Caldara,M,2,1,201,Vienna,Empire,Creusa,Female lover 2,Da capo,C-1,,
0410,Dem,Il_suo,1733,Caldara,M,1,8,108,Vienna,Empire,Cherinto,Male lover 2,Da capo,C-1,,
0411,Dem,Padre_perdona,1733,Caldara,M,1,12,112,Vienna,Empire,Dircea,Female lover 1,Da capo,C-1,,
0412,Dem,Prudente_mi,1733,Caldara,M,2,2,202,Vienna,Empire,Timante,Male lover 1,Da capo,C-1,,
0413,Dem,Se_tronca,1733,Caldara,M,2,3,203,Vienna,Empire,Demofoonte,Senior ruler,Da capo,C-3,,
0414,Did,Bel_labbro,1744,Scalabrini,X,2,7,207,Hamburg,Empire,Araspe,Male lover 3,Da capo,C-1,,
0415,Did,Son_quel,1726,Vinci,M,1,13,113,Rome,Italy,Iarba,Male lover 2,Da capo,C-3,,
0416,Did,Tu_mi_disarmi,1780,Astarita,M,1,16,116,Bratislava,Empire,Iarba,Male lover 2,ABAB,F-4,,
0417,Dem,In_te,1733,Caldara,M,1,2,102,Vienna,Empire,Dircea,Female lover 1,Da capo,C-1,,
0418,Dem,Per_lei,1733,Caldara,M,1,3,103,Vienna,Empire,Demofoonte,Senior ruler,Da capo,C-3,,
0419,Dem,Sperai_vicino,1733,Caldara,M,1,4,104,Vienna,Empire,Timante,Male lover 1,Da capo,C-1,,
0420,Dem,O_piu,1733,Caldara,M,1,1,101,Vienna,Empire,Matusio,Antagonist,Da capo,C-4,,
0421,Dem,Tintendo_ingrata,1733,Caldara,M,1,5,105,Vienna,Empire,Cherinto,Male lover 2,Da capo,C-1,,
0422,Dem,Non_curo,1733,Caldara,M,1,7,107,Vienna,Empire,Creusa,Female lover 2,Da capo,C-1,,
0423,Did,Su_la,1726,Vinci,M,1,14,114,Rome,Italy,Araspe,Male lover 3,Da capo,C-1,,
0424,Did,Leon_che,1726,Vinci,M,1,14,114,Rome,Italy,Iarba,Male lover 2,Da capo,C-3,,
0425,Did,Ardi_per,1726,Vinci,M,2,3,203,Rome,Italy,Selene,Female lover 2,Da capo,C-1,,
0426,Did,Se_vuoi,1726,Vinci,M,2,7,207,Rome,Italy,Didone,Female lover 1,Da capo,C-1,,
0427,Did,Vedi_nel,1726,Vinci,M,2,8,208,Rome,Italy,Enea,Male lover 1,Da capo,C-4,,
0428,Did,Pensa_che,1780,Astarita,M,2,1,201,Bratislava,Empire,Osmida,Antagonist,AA,C-1,,
0429,Did,Ah_non_sai,1780,Astarita,b,2,11,211,Bratislava,Empire,Enea,Male lover 1,AA',C-4,,
0430,Dem,O_piu,1735,Leo,M,1,1,101,Naples,Italy,Matusio,Antagonist,Da capo,C-4,,
0431,Dem,In_te,1735,Sarro,M,1,2,102,Naples,Italy,Dircea,Female lover 1,Al segno,C-1,,
0432,Dem,Per_lei,1735,Mancini,M,1,3,103,Naples,Italy,Demofoonte,Senior ruler,Al segno,C-1,,
0433,Dem,Sperai_vicino,1735,Leo,M,1,4,104,Naples,Italy,Timante,Male lover 1,Da capo,C-1,,
0434,Dem,Non_curo,1735,Sarro,M,1,7,107,Naples,Italy,Creusa,Female lover 2,Al segno,C-1,,
0435,Did,Son_questidoli,1726,Vinci,M,2,10,210,Rome,Italy,Osmida,Antagonist,Da capo,C-1,,
0436,Did,Va_crescendo,1780,Astarita,M,2,13,213,Bratislava,Empire,Didone,Female lover 1,AA,C-1,,
0437,Did,Se_un,1780,Astarita,X,2,12,212,Bratislava,Empire,Selene,Female lover 2,AA,C-1,,
0438,Did,Chiamami_pur,1780,Astarita,M,2,14,214,Bratislava,Empire,Iarba,Male lover 2,ABCA,F-4,,
0439,Did,Sono_intrepido,1726,Vinci,X,2,12,212,Rome,Italy,Araspe,Male lover 3,Da capo,C-1,,
0440,Did,L_augelletto,1726,Vinci,M,2,14,214,Rome,Italy,Selene,Female lover 2,Da capo,C-1,,
0441,Did,Chiamami_pur,1726,Vinci,M,2,17,217,Rome,Italy,Iarba,Male lover 2,Da capo,C-3,,
0442,Did,Non_so,1780,Astarita,b,2,4,204,Bratislava,Empire,Araspe,Male lover 3,ABCA,C-4,,
0443,Dem,O_piu,1775,Myslivecek,M,1,1,101,Naples,Italy,Matusio,Antagonist,ABA,C-4,,
0444,Dem,In_te,1775,Myslivecek,M,1,2,102,Naples,Italy,Dircea,Female lover 1,ABA,C-1,,
0445,Dem,Per_lei,1775,Myslivecek,M,1,3,103,Naples,Italy,Demofoonte,Senior ruler,ABA,C-4,,
0446,Dem,Sperai_vicino,1775,Myslivecek,M,1,4,104,Naples,Italy,Timante,Male lover 1,ABA,C-1,,
0447,Dem,Tintendo_ingrata,1775,Myslivecek,M,1,5,105,Naples,Italy,Cherinto,Male lover 2,ABA,C-1,,
0448,Dem,Non_curo,1775,Myslivecek,M,1,6,106,Naples,Italy,Creusa,Female lover 2,ABA,C-1,,
0449,Did,Ombra_cara,1780,Astarita,b,3,10,310,Bratislava,Empire,Didone,Female lover 1,AB,C-1,,
0450,Did,Prende_ardire,1726,Vinci,M,2,18,218,Rome,Italy,Didone,Female lover 1,Da capo,C-1,,
0451,Dem,Il_suo,1735,Leo,M,1,8,108,Naples,Italy,Cherinto,Male lover 2,Da capo,C-1,,
0452,Dem,Se_ardire,1735,Sarro,M,1,9,109,Naples,Italy,Timante,Male lover 1,Al segno,C-1,,
0453,Dem,Cangi_per,1735,Sarro,X,2,1,201,Naples,Italy,Creusa,Female lover 2,Al segno,C-1,,
0454,Dem,Prudente_mi,1735,Mancini,M,2,2,202,Naples,Italy,Timante,Male lover 1,Da capo,C-1,,
0455,Did,Vanne_a,1780,Astarita,X,3,4,304,Bratislava,Empire,Enea,Male lover 1,AB,C-4,,
0456,Dem,Se_tronca,1735,Leo,M,2,3,203,Naples,Italy,Demofoonte,Senior ruler,Da capo,C-1,,
0457,Dem,E_soccorso,1735,Mancini,M,2,4,204,Naples,Italy,Matusio,Antagonist,Da capo,C-4,,
0458,Dem,No_non,1735,Sarro,M,2,7,207,Naples,Italy,Cherinto,Male lover 2,Da capo,C-1,,
0459,Dem,Felice_eta,1735,Mancini,M,2,8,208,Naples,Italy,Creusa,Female lover 2,Da capo,C-1,,
0460,Dem,La_destra,1735,Leo,M,2,11,211,Naples,Italy,Dircea&Timante,,Da capo,C-1,C-1,
0461,Dem,Nel_tuo,1735,Mancini,M,3,1,301,Naples,Italy,Cherinto,Male lover 2,Da capo,C-1,,
0462,Dem,Del_Sole,1735,Sarro,X,3,2,302,Naples,Italy,Matusio,Antagonist,Da capo,C-4,,
0463,Dem,O_piu,1743,Jommelli,M,1,1,101,Padova,Italy,Matusio,Antagonist,Da capo,C-3,,
0464,Dem,In_te,1743,Jommelli,M,1,2,102,Padova,Italy,Dircea,Female lover 1,Da capo,C-1,,
0465,Dem,Per_lei,1743,Jommelli,M,1,3,103,Padova,Italy,Demofoonte,Senior ruler,Da capo,C-4,,
0466,Dem,Padre_perdona,1775,Myslivecek,M,1,13,113,Naples,Italy,Dircea,Female lover 1,ABA,C-1,,
0467,Dem,Tu_sai,1775,Myslivecek,M,2,1,201,Naples,Italy,Creusa,Female lover 2,ABA,C-1,,
0468,Did,Parmi_dudir,1780,Astarita,X,3,5,305,Bratislava,Empire,Osmida,Antagonist,ABCB,C-1,,
0469,Did,Odo_il,1735,Mancini,M,3,5,305,Naples,Italy,Demofoonte,Senior ruler,Da capo,C-1,,
0470,Dem,Che_mai,1735,Sarro,M,3,6,306,Naples,Italy,Dircea,Female lover 1,Da capo,C-1,,
0471,Dem,Non_dura,1735,Leo,M,3,7,307,Naples,Italy,Dircea,Female lover 1,Da capo,C-1,,
0472,Did,Va_crescendo,1776,Schuster,M,3,6,306,Naples,Italy,Didone,Female lover 1,AA',C-1,,
0473,Did,Vedi_nel,1744,Scalabrini,M,2,4,204,Hamburg,Empire,Enea,Male lover 1,Da capo,C-1,,
0474,Did,Non_ha,1744,Scalabrini,M,1,9,109,Hamburg,Empire,Dircea,Female lover 1,Da capo,C-1,,
0475,Dem,Sperai_vicino,1743,Jommelli,M,1,4,104,Padova,Italy,Timante,Male lover 1,Da capo,C-1,,
0476,Dem,Non_curo,1743,Jommelli,M,1,7,107,Padova,Italy,Creusa,Female lover 2,Da capo,C-1,,
0477,Dem,Il_suo,1743,Jommelli,M,1,8,108,Padova,Italy,Cherinto,Male lover 2,Da capo,C-1,,
0478,Dem,O_piu,1734,Schiassi,M,1,1,101,Venice,Italy,Matusio,Antagonist,Al segno,C-3,,
0479,Dem,In_te,1734,Schiassi,M,1,2,102,Venice,Italy,Dircea,Female lover 1,Al segno,C-1,,
0480,Dem,Io_non,1734,Schiassi,X,1,3,103,Venice,Italy,Adrasto,Confidant,Al segno,C-1,,
0481,Dem,Per_lei,1734,Schiassi,M,1,3,103,Venice,Italy,Demofoonte,Senior ruler,Al segno,C-4,,
0482,Dem,Sperai_vicino,1734,Schiassi,M,1,4,104,Venice,Italy,Timante,Male lover 1,Al segno,C-3,,
0483,Dem,Alma_piu,1734,Schiassi,X,1,5,105,Venice,Italy,Cherinto,Male lover 2,Al segno,C-1,,
0484,Did,Va_crudele,1780,Astarita,X,1,17,117,Bratislava,Empire,Didone&Enea,,AB,C-1,C-1,
0485,Did,Diro_che,,Galuppi,M,1,3,103,,,Selene,Female lover 2,Al segno,C-1,,
0486,Dem,Prudente_mi,1775,Myslivecek,M,2,2,202,Naples,Italy,Timante,Male lover 1,ABA,C-1,,
0487,Dem,E_soccorso,1775,Myslivecek,M,2,4,204,Naples,Italy,Matusio,Antagonist,ABA,C-4,,
0488,Did,Quando_saprai,,Galuppi,M,1,10,110,,,Enea,Male lover 1,Al segno,C-1,,
0489,Dem,No_non,1775,Myslivecek,M,2,7,207,Naples,Italy,Cherinto,Male lover 2,ABA,C-1,,
0490,Dem,Odo_il,1775,Myslivecek,M,3,6,306,Naples,Italy,Demofoonte,Senior ruler,ABA,C-4,,
0491,Dem,Perfidi_gia,1775,Myslivecek,M,2,9,209,Naples,Italy,Demofoonte,Senior ruler,ABA,C-4,,
0492,Dem,Che_mai,1775,Myslivecek,M,3,7,307,Naples,Italy,Dircea,Female lover 1,ABA,C-1,,
0493,Did,Ardi_per,,Galuppi,M,,,,,,Selene,Female lover 2,Al segno,C-1,,
0494,Dem,Non_curo,1734,Schiassi,M,1,7,107,Venice,Italy,Creusa,Female lover 2,Al segno,C-3,,
0495,Dem,Il_suo,1734,Schiassi,M,1,8,108,Venice,Italy,Cherinto,Male lover 2,Al segno,C-1,,
0496,Dem,Padre_perdona,1734,Schiassi,M,1,12,112,Venice,Italy,Dircea,Female lover 1,Da capo,C-1,,
0497,Dem,Son_qual,1734,Schiassi,X,1,13,113,Venice,Italy,Timante,Male lover 1,Al segno,C-3,,
0498,Dem,Tu_sai,1734,Schiassi,M,2,1,201,Venice,Italy,Creusa,Female lover 2,Al segno,C-3,,
0499,Dem,Prudente_mi,1737,Schiassi,M,2,2,202,Venice,Italy,Timante,Male lover 1,Al segno,C-3,,
0500,Dem,Padre_perdona,1743,Jommelli,M,1,12,112,Padova,Italy,Dircea,Female lover 1,Da capo,C-1,,
0501,Dem,Se_ardire,1743,Jommelli,M,1,13,113,Padova,Italy,Timante,Male lover 1,Da capo,C-1,,
0502,Dem,Temo_in,1743,Jommelli,B,1,13,113,Padova,Italy,Matusio,Antagonist,Da capo,C-1,,
0503,Dem,Se_tronca,1734,Schiassi,M,2,3,203,Venice,Italy,Demofoonte,Senior ruler,Al segno,C-4,,
0504,Dem,E_soccorso,1734,Schiassi,M,2,4,204,Venice,Italy,Matusio,Antagonist,Al segno,C-3,,
0505,Dem,Se_ti,1775,Myslivecek,X,3,1,301,Naples,Italy,Adrasto,Confidant,ABA,C-1,,
0506,Did,Ah_non_lasciarmi,,Galuppi,M,,,,,,Didone,Female lover 1,Al segno,C-1,,
0507,Dem,Prudente_mi,1743,Jommelli,M,2,2,202,Padova,Italy,Timante,Male lover 1,Da capo,C-1,,
0508,Dem,Se_tronca,1743,Jommelli,M,2,3,203,Padova,Italy,Demofoonte,Senior ruler,Da capo,C-4,,
0509,Dem,No_non,1743,Jommelli,M,2,7,207,Padova,Italy,Cherinto,Male lover 2,Da capo,C-1,,
0510,Dem,Se_ardire,1775,Myslivecek,M,1,14,114,Naples,Italy,Timante,Male lover 1,ABAB,C-1,,
0511,Dem,La_destra,1775,Myslivecek,M,2,10,210,Naples,Italy,Dircea&Timante,,ABC,C-1,C-1,
0512,Dem,Lempia_mia,1734,Schiassi,M,2,6,206,Venice,Italy,Dircea,Female lover 1,Al segno,C-1,,
0513,Dem,No_non,1734,Schiassi,M,2,7,207,Venice,Italy,Cherinto,Male lover 2,Al segno,C-1,,
0514,Dem,Felice_eta,1734,Schiassi,M,2,8,208,Venice,Italy,Creusa,Female lover 2,Al segno,C-3,,
0515,Did,Fosca_nube,,Galuppi,M,,,,,,Iarba,Male lover 2,Al segno,C-4,,
0516,Did,La_caduta,,Galuppi,M,,,,,,Iarba,Male lover 2,AA',C-4,,
0517,Dem,O_piu,1766,Bernasconi,M,1,1,101,Munich,Empire,Matusio,Antagonist,Al segno,C-4,,
0518,Dem,In_te,1766,Bernasconi,M,1,2,102,Munich,Empire,Dircea,Female lover 1,Al segno,C-1,,
0519,Dem,Per_lei,1766,Bernasconi,M,1,3,103,Munich,Empire,Demofoonte,Senior ruler,Al segno,C-4,,
0520,Dem,Sperai_vicino,1766,Bernasconi,M,1,4,104,Munich,Empire,Timante,Male lover 1,Al segno,C-1,,
0521,Dem,Tintendo_ingrata,1766,Bernasconi,M,1,5,105,Munich,Empire,Cherinto,Male lover 2,AA',C-1,,
0522,Dem,Non_curo,1766,Bernasconi,M,1,6,106,Munich,Empire,Creusa,Female lover 2,Al segno,C-1,,
0523,Dem,Il_suo,1766,Bernasconi,M,1,8,108,Munich,Empire,Cherinto,Male lover 2,Al segno,C-1,,
0524,Dem,Padre_perdona,1766,Bernasconi,M,1,12,112,Munich,Empire,Dircea,Female lover 1,Da capo,C-1,,
0525,Dem,Se_ardire,1766,Bernasconi,M,1,13,113,Munich,Empire,Timante,Male lover 1,Da capo,C-1,,
0526,Dem,Tu_sai,1766,Bernasconi,M,2,1,201,Munich,Empire,Creusa,Female lover 2,Al segno,C-1,,
0527,Dem,Prudente_mi,1766,Bernasconi,M,2,2,202,Munich,Empire,Timante,Male lover 1,Al segno,C-1,,
0528,Dem,E_soccorso,1766,Bernasconi,M,2,4,204,Munich,Empire,Matusio,Antagonist,Al segno,C-4,,
0529,Dem,No_non,1766,Bernasconi,M,2,7,207,Munich,Empire,Cherinto,Male lover 2,Al segno,C-1,,
0530,Dem,Perfidi_gia,1766,Bernasconi,M,2,10,210,Munich,Empire,Demofoonte,Senior ruler,Al segno,C-4,,
0531,Dem,La_destra,1766,Bernasconi,M,2,11,211,Munich,Empire,Dircea&Timante,,Da capo,C-1,C-1,
0532,Dem,Non_odi,1766,Bernasconi,M,3,1,301,Munich,Empire,Adrasto,Confidant,Al segno,C-1,,
0533,Dem,Nel_tuo,1766,Bernasconi,M,3,2,302,Munich,Empire,Cherinto,Male lover 2,Al segno,C-1,,
0534,Dem,Ah_che,1766,Bernasconi,M,3,3,303,Munich,Empire,Matusio,Antagonist,Al segno,C-4,,
0535,Dem,Odo_il,1766,Bernasconi,M,3,6,306,Munich,Empire,Demofoonte,Senior ruler,Al segno,C-4,,
0536,Dem,Che_mai,1766,Bernasconi,M,3,7,307,Munich,Empire,Dircea,Female lover 1,Da capo,C-1,,
0537,Dem,Non_dura,1766,Bernasconi,M,3,8,308,Munich,Empire,Creusa,Female lover 2,Al segno,C-1,,
0538,Dem,Felice_eta,1743,Jommelli,M,2,8,208,Padova,Italy,Creusa,Female lover 2,Da capo,C-1,,
0539,Dem,Perfidi_gia,1743,Jommelli,M,2,10,210,Padova,Italy,Demofoonte,Senior ruler,Da capo,C-4,,
0540,Dem,O_piu,1748,Hasse,M,1,1,101,Dresden,Empire,Matusio,Antagonist,Al segno,C-3,,
0541,Dem,In_te,1748,Hasse,M,1,2,102,Dresden,Empire,Dircea,Female lover 1,Al segno,C-1,,
0542,Dem,Prudente_mi,1748,Hasse,M,2,2,202,Dresden,Empire,Timante,Male lover 1,Al segno,C-1,,
0543,Dem,La_destra,1754,Manna,M,2,12,212,Turin,Italy,Dircea&Timante,,Da capo,C-1,C-1,
0544,Dem,Prudente_mi,1754,Manna,M,2,2,202,Turin,Italy,Timante,Male lover 1,Da capo,C-1,,
0545,Dem,Nel_tuo,1754,Manna,M,3,2,302,Turin,Italy,Cherinto,Male lover 2,Da capo,C-1,,
0546,Dem,Parto_oh_dio,1754,Manna,X,3,3,303,Turin,Italy,Matusio,Antagonist,ABA,C-4,,
0547,Dem,Odo_il,1754,Manna,M,3,6,306,Turin,Italy,Demofoonte,Senior ruler,Al segno,C-4,,
0548,Dem,Che_mai,1754,Manna,M,3,7,307,Turin,Italy,Dircea,Female lover 1,Da capo,C-1,,
0549,Dem,Perfidi_gia,1734,Schiassi,M,2,10,210,Venice,Italy,"Dircea,Timante&Demofoonte",Secondo uomo,Al segno,C-1,C-3,C-4
0550,Dem,Non_odi,1734,Schiassi,M,3,1,301,Venice,Italy,Adrasto,Confidant,Al segno,C-1,,
0551,Dem,Nel_tuo,1734,Schiassi,M,3,2,302,Venice,Italy,Cherinto,Male lover 2,Al segno,C-1,,
0552,Dem,Misero_pargoletto,1734,Schiassi,M,3,5,305,Venice,Italy,Timante,Male lover 1,Al segno,C-3,,
0553,Dem,Odo_il,1734,Schiassi,M,3,6,306,Venice,Italy,Demofoonte,Senior ruler,Al segno,C-4,,
0554,Dem,Che_mai,1734,Schiassi,M,3,7,307,Venice,Italy,Dircea,Female lover 1,Al segno,C-1,,
0555,Dem,Non_dura,1734,Schiassi,M,3,8,308,Venice,Italy,Creusa,Female lover 2,Al segno,C-3,,
0556,Dem,Non_dura,1748,Hasse,M,3,8,308,Dresden,Empire,Creusa,Female lover 2,Al segno,C-1,,
0557,Dem,Per_lei,1754,Manna,M,1,4,104,Turin,Italy,Demofoonte,Senior ruler,Da capo,C-4,,
0558,Dem,Tu_sai,1754,Manna,M,2,1,201,Turin,Italy,Creusa,Female lover 2,Da capo,C-3,,
0559,Dem,Perfidi_gia,1754,Manna,M,2,10,210,Turin,Italy,Demofoonte,Senior ruler,Al segno,C-4,,
0560,Dem,Non_odi,1754,Manna,M,3,1,301,Turin,Italy,Adrasto,Confidant,Da capo,C-3,,
0561,Dem,O_piu,1758,Hasse,M,1,1,101,Naples,Italy,Matusio,Antagonist,Al segno,C-4,,
0562,Dem,In_te,1758,Hasse,M,1,2,102,Naples,Italy,Dircea,Female lover 1,Al segno,C-1,,
0563,Dem,Per_lei,1758,Hasse,M,1,3,103,Naples,Italy,Demofoonte,Senior ruler,Al segno,C-4,,
0564,Dem,Sperai_vicino,1758,Hasse,M,1,4,104,Naples,Italy,Timante,Male lover 1,Al segno,C-1,,
0565,Dem,Non_curo,1758,Hasse,M,1,7,107,Naples,Italy,Creusa,Female lover 2,Al segno,C-1,,
0566,Dem,Il_suo,1758,Hasse,M,1,8,108,Naples,Italy,Cherinto,Male lover 2,Al segno,C-3,,
0567,Dem,Padre_perdona,1758,Hasse,M,1,10,110,Naples,Italy,Dircea,Female lover 1,ABA,C-1,,
0568,Dem,Per_lei_mi,1758,Hasse,X,1,11,111,Naples,Italy,Timante,Male lover 1,Al segno,C-1,,
0569,Dem,Tu_sai,1758,Hasse,M,2,1,201,Naples,Italy,Creusa,Female lover 2,Al segno,C-1,,
0570,Dem,Prudente_mi,1758,Hasse,M,2,2,202,Naples,Italy,Timante,Male lover 1,Al segno,C-1,,
0571,Dem,Se_tronca,1758,Hasse,M,2,3,203,Naples,Italy,Demofoonte,Senior ruler,Al segno,C-4,,
0572,Dem,No_non,1758,Hasse,M,2,7,207,Naples,Italy,Cherinto,Male lover 2,Da capo,C-3,,
0573,Dem,Felice_eta,1758,Hasse,M,2,8,208,Naples,Italy,Creusa,Female lover 2,Al segno,C-1,,
0574,Dem,Perfidi_gia,1758,Hasse,M,2,10,210,Naples,Italy,Demofoonte,Senior ruler,Al segno,C-4,,
0575,Dem,La_destra,1758,Hasse,M,2,11,211,Naples,Italy,Dircea&Timante,,Da capo,C-1,C-1,
0576,Dem,Non_odi,1758,Hasse,M,3,1,301,Naples,Italy,Adrasto,Confidant,Da capo,C-1,,
0577,Dem,Nel_tuo,1758,Hasse,M,3,2,302,Naples,Italy,Cherinto,Male lover 2,,C-3,,
0578,Dem,Odo_il,1758,Hasse,M,3,6,306,Naples,Italy,Demofoonte,Senior ruler,Al segno,C-4,,
0579,Dem,Che_mai,1758,Hasse,M,3,7,307,Naples,Italy,Dircea,Female lover 1,Da capo,C-1,,
0580,Dem,Il_suo,1771,Sarti,M,1,8,108,Copenhagen,Denmark,Cherinto,Male lover 2,Al segno,C-4,,
0581,Dem,E_soccorso,1771,Sarti,M,2,4,204,Copenhagen,Denmark,Matusio,Antagonist,Al segno,C-4,,
0582,Dem,No_non,1771,Sarti,M,2,7,207,Copenhagen,Denmark,Cherinto,Male lover 2,Al segno,C-4,,
0583,Dem,O_piu,1743,Gluck,M,1,1,101,Milan,Italy,Matusio,Antagonist,Al segno,C-4,,
0584,Dem,In_te,1743,Gluck,M,1,2,102,Milan,Italy,Dircea,Female lover 1,Al segno,C-1,,
0585,Dem,Per_lei,1743,Gluck,M,1,3,103,Milan,Italy,Demofoonte,Senior ruler,Da capo,C-4,,
0586,Dem,Sperai_vicino,1743,Gluck,M,1,4,104,Milan,Italy,Timante,Male lover 1,Da capo,C-1,,
0587,Dem,Tintendo_ingrata,1743,Gluck,M,1,5,105,Milan,Italy,Cherinto,Male lover 2,Da capo,C-3,,
0588,Dem,Non_curo,1743,Gluck,M,1,6,106,Milan,Italy,Creusa,Female lover 2,Al segno,C-1,,
0589,Dem,Il_suo,1743,Gluck,M,1,8,108,Milan,Italy,Cherinto,Male lover 2,Da capo,C-3,,
0590,Dem,Padre_perdona,1743,Gluck,M,1,12,112,Milan,Italy,Dircea,Female lover 1,Al segno,C-1,,
0591,Dem,Tu_sai,1743,Gluck,M,2,1,201,Milan,Italy,Creusa,Female lover 2,Da capo,C-1,,
0592,Dem,Prudente_mi,1743,Gluck,M,2,3,203,Milan,Italy,Timante,Male lover 1,Da capo,C-1,,
0593,Dem,Se_tronca,1743,Gluck,M,2,4,204,Milan,Italy,Demofoonte,Senior ruler,Al segno,C-4,,
0594,Dem,E_soccorso,1743,Gluck,M,2,5,205,Milan,Italy,Matusio,Antagonist,Da capo,C-4,,
0595,Dem,Se_tutti,1743,Gluck,M,2,7,207,Milan,Italy,Dircea,Female lover 1,Da capo,C-1,,
0596,Dem,No_non,1743,Gluck,M,2,8,208,Milan,Italy,Cherinto,Male lover 2,Da capo,C-3,,
0597,Dem,Felice_eta,1743,Gluck,M,2,9,209,Milan,Italy,Creusa,Female lover 2,Da capo,C-1,,
0598,Dem,Ah_che,1743,Gluck,M,3,3,303,Milan,Italy,Matusio,Antagonist,Da capo,C-4,,
0599,Dem,Misero_pargoletto,1743,Gluck,M,3,5,305,Milan,Italy,Timante,Male lover 1,Al segno,C-1,,
0600,Dem,Che_mai,1743,Gluck,M,3,7,307,Milan,Italy,Dircea,Female lover 1,Da capo,C-1,,
0601,Dem,Nel_tuo,1743,Gluck,M,3,2,302,Milan,Italy,Cherinto,Male lover 2,Al segno,C-3,,
0602,Dem,Non_dura,1743,Gluck,M,3,8,308,Milan,Italy,Creusa,Female lover 2,Da capo,C-1,,
0603,Dem,Non_odi,1743,Gluck,M,3,1,301,Milan,Italy,Adrasto,Confidant,Da capo,C-1,,
0604,Dem,Odo_il,1743,Gluck,M,3,6,306,Milan,Italy,Demofoonte,Senior ruler,Da capo,C-4,,
0605,Dem,Gemo_in,1743,Gluck,X,1,13,113,Milan,Italy,Timante,Male lover 1,Al segno,C-1,,
0606,Dem,La_destra,1743,Gluck,M,2,12,212,Milan,Italy,Dircea&Timante,"Female lover 1,Male lover 1",Da capo,C-1,C-1,
0607,Dem,Non_e_ver,1743,Gluck,M,2,2,202,Milan,Italy,Adrasto,Confidant,Da capo,C-1,,
0608,Dem,Per_lei,1748,Hasse,M,1,3,103,Dresden,Empire,Demofoonte,Senior ruler,Al segno,C-4,,
0609,Dem,Che_mai,1748,Hasse,M,3,7,307,Dresden,Empire,Dircea,Female lover 1,Da capo,C-1,,
0610,Dem,Non_curo,1748,Hasse,M,1,7,107,Dresden,Empire,Creusa,Female lover 2,Al segno,C-1,,
0611,Dem,No_non,1754,Manna,M,2,8,208,Turin,Italy,Cherinto,Male lover 2,Da capo,C-1,,
0612,Dem,Se_tronca,1754,Manna,M,2,3,203,Turin,Italy,Demofoonte,Senior ruler,Da capo,C-4,,
0613,Dem,O_piu,1761,Piccinni,M,1,1,101,Reggio Emilia,Italy,Matusio,Antagonist,Al segno,C-4,,
0614,Dem,In_te,1761,Piccinni,M,1,2,102,Reggio Emilia,Italy,Dircea,Female lover 1,Al segno,C-1,,
0615,Dem,Per_lei,1761,Piccinni,M,1,3,103,Reggio Emilia,Italy,Demofoonte,Senior ruler,Da capo,C-4,,
0616,Dem,Sperai_vicino,1761,Piccinni,M,1,4,104,Reggio Emilia,Italy,Timante,Male lover 1,Al segno,C-1,,
0617,Dem,Parto_crudel,1761,Piccinni,X,1,5,105,Reggio Emilia,Italy,Cherinto,Male lover 2,Al segno,C-1,,
0618,Dem,Piu_non,1761,Piccinni,X,1,7,107,Reggio Emilia,Italy,Creusa,Female lover 2,Al segno,C-1,,
0619,Dem,Di_quel,1761,Piccinni,X,1,8,108,Reggio Emilia,Italy,Cherinto,Male lover 2,Da capo,C-1,,
0620,Dem,Se_ardire,1761,Piccinni,M,1,13,113,Reggio Emilia,Italy,Timante,Male lover 1,Da capo,C-1,,
0621,Dem,Padre_perdona,1761,Piccinni,M,1,12,112,Reggio Emilia,Italy,Dircea,Female lover 1,Da capo,C-1,,
0622,Dem,Prudente_mi,1761,Piccinni,M,2,2,202,Reggio Emilia,Italy,Timante,Male lover 1,Da capo,C-1,,
0623,Dem,Del_genitor,1761,Piccinni,X,2,4,204,Reggio Emilia,Italy,Demofoonte,Senior ruler,Al segno,C-4,,
0624,Dem,E_soccorso,1761,Piccinni,M,2,5,205,Reggio Emilia,Italy,Matusio,Antagonist,Al segno,C-4,,
0625,Dem,La_destra,1761,Piccinni,M,2,12,212,Reggio Emilia,Italy,"Dircea,Timante","Female lover 1,Male lover 1",Al segno,C-1,C-1,
0626,Dem,Se_potesse,1761,Piccinni,X,2,7,207,Reggio Emilia,Italy,Dircea,Female lover 1,ABA,C-1,,
0627,Dem,No_non,1761,Piccinni,M,2,8,208,Reggio Emilia,Italy,Cherinto,Male lover 2,Al segno,C-1,,
0628a,Dem,Si_tintendo,1761,Piccinni,X,2,9,209,Reggio Emilia,Italy,Creusa,Female lover 2,Al segno,C-1,,
0628b,Dem,Non_temer,1761,Piccinni,X,2,9,209,Reggio Emilia,Italy,Creusa,Female lover 2,Al segno,C-1,,
0629,Dem,Perfidi_gia,1761,Piccinni,M,2,11,211,Reggio Emilia,Italy,Demofoonte,Senior ruler,Da capo,C-4,,
0630,Dem,Non_odi,1761,Piccinni,M,3,1,301,Reggio Emilia,Italy,Adrasto,Confidant,Da capo,C-1,,
0631,Dem,Di_speme,1761,Piccinni,X,3,2,302,Reggio Emilia,Italy,Cherinto,Male lover 2,Al segno,C-1,,
0632,Dem,E_cessato,1761,Piccinni,X,3,3,303,Reggio Emilia,Italy,Matusio,Antagonist,AA',C-4,,
0633,Dem,Non_dura,1761,Piccinni,M,3,7,307,Reggio Emilia,Italy,Creusa,Female lover 2,Al segno,C-1,,
0634,Dem,Perche_perche,1761,Piccinni,X,3,8,308,Reggio Emilia,Italy,Dircea,Female lover 1,Da capo,C-1,,
0635,Ale,E_prezzo,1730,Vinci,M,1,1,101,Rome,Italy,Gandarte,Male lover 3,Da capo,C-4,,
0636,Ale,Vedrai_con,1730,Vinci,M,1,2,102,Rome,Italy,Poro,Male lover 1,Al segno,C-1,,
0637,Ale,Vil_trofeo,1730,Vinci,M,1,3,103,Rome,Italy,Alessandro,Male lover 2,Da capo,C-1,,
0638,Ale,Chi_vive,1730,Vinci,M,1,4,104,Rome,Italy,Erissena,Female lover 2,Da capo,C-1,,
0639,Ale,O_sugli,1730,Vinci,M,1,5,105,Rome,Italy,Timagene,Antagonist,Da capo,C-3,,
0640,Ale,Se_mai,1730,Vinci,M,1,6,106,Rome,Italy,Poro,Male lover 1,A,C-1,,
0641,Ale,Se_mai,1730,Vinci,M,1,7,107,Rome,Italy,Cleofide,Female lover 1,Da capo,C-1,,
0642,Ale,Se_possono,1730,Vinci,M,1,8,108,Rome,Italy,Poro,Female lover 2,Da capo,C-1,,
0643,Ale,Compagni nell,1730,Vinci,M,1,9,109,Rome,Italy,Erissena,Female lover 2,Da capo,C-1,,
0644,Ale,Voi_che,1730,Vinci,M,1,10,110,Rome,Italy,Gandarte,Male lover 3,Da capo,C-4,,
0645,Ale,Se_amore,1730,Vinci,M,1,15,115,Rome,Italy,Alessandro,Male lover 2,Da capo,C-1,,
0646,Ale,Se_mai,1730,Vinci,M,1,16,116,Rome,Italy,"Cleofide,Poro","Female lover 1,Male lover 1",Da capo,C-1,C-1,
0647,Ale,Non_sarei,1730,Vinci,M,2,3,203,Rome,Italy,Erissena,Female lover 2,Da capo,C-1,,
0648,Ale,Senza_procelle,1730,Vinci,M,2,4,204,Rome,Italy,Poro,Male lover 1,Al segno,C-1,,
0649,Ale,Dun_barbaro,1730,Vinci,M,2,8,208,Rome,Italy,Alessandro,Male lover 2,Da capo,C-1,,
0650,Ale,Digli_che,1730,Vinci,M,2,9,209,Rome,Italy,Cleofide,Female lover 1,Da capo,C-1,,
0651,Ale,Destrier_che,1730,Vinci,M,2,10,210,Rome,Italy,Poro,Female lover 2,Al segno,C-1,,
0652,Ale,E_ver,1730,Vinci,M,2,11,211,Rome,Italy,Timagene,Antagonist,Da capo,C-3,,
0653,Ale,Se_e,1730,Vinci,M,2,13,213,Rome,Italy,Alessandro,Male lover 2,Da capo,C-1,,
0654,Ale,Se_il,1730,Vinci,M,2,14,214,Rome,Italy,"Cleofide,Poro","Female lover 1,Male lover 1",Da capo,C-1,,
0655,Ale,Se_viver,1730,Vinci,M,2,15,215,Rome,Italy,Gandarte,Male lover 3,Da capo,C-4,,
0656,Ale,Di_rendermi,1730,Vinci,M,2,16,216,Rome,Italy,Erissena,Female lover 2,Da capo,C-1,,
0657,Ale,Risveglia_lo,1730,Vinci,M,3,1,301,Rome,Italy,Poro,Male lover 1,Da capo,C-1,,
0658,Ale,Se_troppo,1730,Vinci,M,3,4,304,Rome,Italy,"Cleofide,Poro","Female lover 1,Male lover 1",Da capo,C-1,,
0659,Ale,Come_il,1730,Vinci,M,3,5,305,Rome,Italy,Erissena,Female lover 2,Da capo,C-1,,
0660,Ale,Serbati_a,1730,Vinci,M,3,6,306,Rome,Italy,Alessandro,Male lover 2,Da capo,C-1,,
0661,Ale,Dove_si,1730,Vinci,M,3,9,309,Rome,Italy,Poro,Male lover 1,Da capo,C-1,,
0662,Ale,Mio_ben,1730,Vinci,M,3,10,310,Rome,Italy,Gandarte,Male lover 3,Da capo,C-4,,
0663,Ale,Son_confusa,1730,Vinci,M,3,11,311,Rome,Italy,Erissena,Female lover 2,Da capo,C-1,,
0664,Ale,Ombra_dell,1730,Vinci,M,3,12,312,Rome,Italy,Cleofide,Female lover 1,AA',C-1,,
0665,Did,Veggio_la,,Galuppi,M,,,,,,Selene,Female lover 2,Al segno,C-1,,
0666,Did,A-trionfar,,Galuppi,M,,,,,,Enea,Male lover 1,Al segno,C-1,,
0667,Did,Diro_che,1764,Galuppi,M,1,3,103,Venice,Italy,Selene,Female lover 2,Al segno,C-1,,
0668,Ale,E_prezzo,1755,Galuppi,M,1,1,101,Venice,Italy,Gandarte,Male lover 3,Da capo,C-1,,
0669,Ale,Vedrai_con,1755,Galuppi,M,1,2,102,Venice,Italy,Poro,Male lover 1,Da capo,C-1,,
0670,Ale,Vil_trofeo,1755,Galuppi,M,1,3,103,Venice,Italy,Alessandro,Male lover 2,Al segno,C-1,,
0671,Ale,Chi_vive,1755,Galuppi,M,1,4,104,Venice,Italy,Erissena,Female lover 2,Al segno,C-1,,
0672,Ale,O_sugli,1755,Galuppi,M,1,5,105,Venice,Italy,Timagene,Antagonist,Al segno,C-1,,
0673,Ale,Se_mai,1755,Galuppi,M,1,6,106,Venice,Italy,Poro,Male lover 1,A,C-1,,
0674,Ale,Se_mai,1755,Galuppi,M,1,7,107,Venice,Italy,Cleofide,Female lover 1,Al segno,C-1,,
0675,Ale,Se_possono,1755,Galuppi,M,1,9,109,Venice,Italy,Poro,Male lover 1,Al segno,C-1,,
0676,Ale,Non_va,1755,Galuppi,X,1,11,111,Venice,Italy,Gandarte,Male lover 3,Al segno,C-1,,
0677,Ale,Se_amore,1755,Galuppi,M,1,15,115,Venice,Italy,Alessandro,Male lover 2,Al segno,C-4,,
0678,Ale,Se_mai,1755,Galuppi,M,1,16,116,Venice,Italy,"Cleofide,Poro","Female lover 1,Male lover 1",ABA,C-1,C-1,
0679,Ale,Frangi_la,1755,Galuppi,X,2,2,202,Venice,Italy,Gandarte,Male lover 3,Al segno,C-1,,
0680,Ale,Non_sarei,1755,Galuppi,M,2,4,204,Venice,Italy,Erissena,Female lover 2,Al segno,C-3,,
0681,Ale,Se_vuol,1755,Galuppi,X,2,8,208,Venice,Italy,Alessandro,Male lover 2,Al segno,C-4,,
0682,Ale,Digli_che,1755,Galuppi,M,2,9,209,Venice,Italy,Cleofide,Female lover 1,AA',C-1,,
0683,Ale,Destrier_che,1755,Galuppi,M,2,10,210,Venice,Italy,Poro,Male lover 1,Al segno,C-1,,
0684,Did,Tu_mi_scorgi,1764,Galuppi,M,1,6,106,Venice,Italy,Osmida,Antagonist,ABA,C-4,,
0685,Did,Fra_lo,1764,Galuppi,M,1,7,107,Venice,Italy,Iarba,Male lover 2,Al segno,C-4,,
0686,Did,Se_dalle,1764,Galuppi,M,1,8,108,Venice,Italy,Araspe,Male lover 3,Al segno,C-3,,
0687,Did,Tu_mi_disarmi,1764,Galuppi,M,1,16,116,Venice,Italy,Iarba,Male lover 2,ABA,C-4,,
0688,Did,Pensa_che,1764,Galuppi,M,2,1,201,Venice,Italy,Osmida,Antagonist,ABA,C-4,,
0689,Did,Nel_duol,1764,Galuppi,M,3,6,306,Venice,Italy,Selene,Female lover 2,ABA,C-1,,
