AriaId,Character,Clef1,Clef2,Clef3
0001,Didone,C-1,,
0002,Didone,C-1,,
0003,Didone,C-1,,
0004,Enea,C-1,,
0005,Selene,C-1,,
0006,Didone,C-1,,
0007,Didone,C-1,,
0008,Didone,C-1,,
0009,Didone,C-1,,
0010,Didone,C-1,,
0011,Didone,C-1,,
0012,Didone,C-1,,
0013,Didone,C-1,,
0014,Didone,C-1,,
0015,Didone,C-1,,
0016,Didone,C-1,,
0017,Didone,C-1,,
0018,Didone,C-1,,
0019,Didone,C-1,,
0020,Didone,C-1,,
0021,Didone,C-1,,
0022,Didone,C-1,,
0023,Selene,C-1,,
0024,Araspe,C-4,,
0025,Enea,C-1,,
0026,Osmida,C-1,,
0027,Iarba,C-4,,
0028,Enea,C-1,,
0029,Enea,C-1,,
0030,Selene,C-1,,
0031,Didone,C-1,,
0032,Didone,C-1,,
0033,Didone,C-1,,
0034,Didone,C-1,,
0035,Didone,C-1,,
0036,Didone,C-1,,
0037,Didone,C-1,,
0038,Didone,C-1,,
0039,Didone,C-1,,
0040,Didone,C-1,,
0041,Didone,C-1,,
0042,Didone,C-1,,
0043,Didone,C-1,,
0044,Didone,C-1,,
0045,Didone,C-1,,
0046,Araspe,C-4,,
0047,Didone,C-1,,
0048,Didone,C-1,,
0049,Didone,C-1,,
0050,Didone,C-1,,
0051,Didone,C-1,,
0052,Didone,C-1,,
0053,Didone,C-1,,
0054,Selene,C-1,,
0055,Osmida,C-3,,
0056,Iarba,C-3,,
0057,Enea,C-1,,
0058,Selene,C-1,,
0059,Iarba,C-3,,
0060,Iarba,C-3,,
0061,Enea,C-1,,
0062,Osmida,C-4,,
0063,Iarba,C-4,,
0064,Araspe,C-1,,
0065,Enea,C-1,,
0066,Selene,C-1,,
0067,Iarba,C-4,,
0068,Araspe,C-1,,
0069,Osmida,C-4,,
0070,Iarba,C-4,,
0071,Araspe,C-1,,
0072,Enea,C-1,,
0073,Osmida,C-1,,
0074,Enea,C-1,,
0075,Osmida,C-4,,
0076,Araspe,C-3,,
0077,Enea,C-1,,
0078,Iarba,C-4,,
0079,Didone,C-1,,
0080,Timante,C-1,,
0081,Timante,C-1,,
0082,Timante,C-1,,
0083,Timante,C-1,,
0086,Dircea,C-1,,
0087,Timante,C-1,,
0088,Timante,C-1,,
0089,Timante,C-1,,
0090,Timante,C-1,,
0091,Dircea,C-1,,
0092,Enea,C-1,,
0093,Timante,C-1,,
0094,Timante,C-1,,
0095,Timante,C-1,,
0096,Timante,C-1,,
0097,Timante,C-1,,
0098,Timante,C-1,,
0099,Timante,C-1,,
0100,Timante,C-1,,
0101,Enea,C-3,,
0102,Timante,C-1,,
0103,Enea,C-1,,
0104,Enea,C-1,,
0105,Enea,C-1,,
0106,Enea,C-1,,
0107,Enea,C-1,,
0108,Enea,C-1,,
0109,Enea,C-3,,
0110,Dircea,C-1,,
0111,Dircea,C-1,,
0112,Enea,C-1,,
0113,Dircea,C-1,,
0114,Dircea,C-1,,
0115,Dircea,C-1,,
0116,Dircea,C-1,,
0117,Dircea,C-1,,
0118,Dircea,C-1,,
0119,Dircea,C-1,,
0120,Dircea,C-1,,
0121,Iarba,,,
0122,Dircea,C-1,,
0123,Iarba,C-1,,
0124,Iarba,C-4,,
0125,Iarba,C-4,,
0126,Iarba,C-3,,
0127,Iarba,C-4,,
0128,Iarba,C-4,,
0129,Iarba,C-4,,
0130,Iarba,C-1,,
0131,Iarba,C-4,,
0132,Iarba,C-4,,
0133,Iarba,C-4,,
0134,Didone,C-1,,
0135,Iarba,C-4,,
0136,Didone,C-1,,
0137,Iarba,C-4,,
0138,Didone&Enea,C-1,C-1,
0139,Enea,C-1,,
0140,Araspe,C-1,,
0141,Enea,C-1,,
0142,Iarba,C-4,,
0143,Araspe,C-1,,
0144,Didone,C-1,,
0145,Selene,C-1,,
0146,Didone,C-1,,
0147,Iarba,C-1,,
0148,Selene,C-1,,
0149,Enea,C-1,,
0150,Osmida,C-3,,
0151,Enea,C-3,,
0152,Selene,C-1,,
0153,Enea,C-1,,
0154,Iarba,C-4,,
0155,Araspe,C-4,,
0156,Enea,C-1,,
0157,Selene,C-1,,
0158,Iarba,C-4,,
0159,Didone,C-1,,
0160,Enea,C-1,,
0161,Osmida,C-4,,
0162,Araspe,C-1,,
0163,Araspe,C-1,,
0164,Didone,C-1,,
0165,Araspe,C-1,,
0166,Didone,C-1,,
0167,Enea,C-1,,
0168,Iarba,C-4,,
0169,Didone&Enea,C-1,C-1,
0170,Osmida,C-4,,
0171,Iarba,C-4,,
0172,Selene,C-1,,
0173,Enea,C-1,,
0174,Araspe,C-3,,
0175,Enea,C-1,,
0176,Selene,C-1,,
0177,Iarba,C-4,,
0178,Didone,C-1,,
0179,Osmida,C-4,,
0180,Enea,C-1,,
0181,Selene,C-1,,
0182,Didone,C-1,,
0183,Iarba,C-4,,
0184,Didone,C-1,,
0185,Enea,C-3,,
0186,Selene,C-1,,
0187,Osmida,F-4,,
0188,Iarba,C-1,,
0189,Araspe,C-1,,
0190,Iarba,C-1,,
0191,Araspe,C-1,,
0192,Enea,C-3,,
0193,Araspe,C-1,,
0194,Selene,C-1,,
0195,Iarba,C-1,,
0196,Didone,C-1,,
0197,Enea,C-3,,
0198,Enea,C-1,,
0199,Selene,C-1,,
0200,Osmida,C-3,,
0201,Iarba,C-4,,
0202,Selene,C-1,,
0203,Araspe,C-1,,
0204,Araspe,C-1,,
0205,Didone,C-1,,
0206,Selene,C-1,,
0207,Iarba,C-4,,
0208,Enea,C-1,,
0209,Osmida,C-3,,
0210,Enea,C-1,,
0211,Araspe,C-3,,
0212,Osmida,F-4,,
0213,Enea,C-3,,
0214,Enea,C-1,,
0215,Araspe,C-1,,
0216,Iarba,C-4,,
0217,Selene,C-1,,
0218,Araspe,C-1,,
0219,Iarba,C-4,,
0220,Didone,C-1,,
0221,Enea,C-1,,
0222,Enea,C-1,,
0223,Osmida,C-3,,
0224,Enea,C-1,,
0225,Selene,C-1,,
0226,Didone,C-1,,
0227,Araspe,C-1,,
0228,Didone,C-1,,
0229,Selene,C-1,,
0230,Enea,C-1,,
0231,Araspe,C-1,,
0232,Didone,C-1,,
0233,Selene,C-1,,
0234,Didone,C-1,,
0235,Osmida,C-4,,
0236,Iarba,C-4,,
0237,Araspe,C-1,,
0238,Enea,C-1,,
0239,Enea,C-1,,
0240,Selene,C-1,,
0241,Iarba,C-4,,
0242,Enea,C-1,,
0243,Selene,C-1,,
0244,Araspe,C-1,,
0245,Iarba,C-4,,
0246,Iarba,C-4,,
0247,Selene,C-1,,
0248,Araspe,C-3,,
0249,Araspe,C-1,,
0250,Enea,C-1,,
0251,Enea,C-1,,
0252,Iarba,C-4,,
0253,Enea,C-1,,
0254,Didone,C-1,,
0255,Selene,C-1,,
0256,Iarba,C-4,,
0257,Enea,C-1,,
0258,Didone,C-1,,
0259,Osmida,C-4,,
0260,Iarba,C-4,,
0261,Enea,C-1,,
0262,Araspe,F-4,,
0263,Araspe,C-1,,
0264,Selene,C-1,,
0265,Enea,C-1,,
0266,Didone,C-1,,
0267,Didone,C-1,,
0268,Selene,C-1,,
0269,Iarba,C-4,,
0270,Iarba,C-4,,
0271,Enea,C-1,,
0272,Osmida,C-4,,
0273,Didone,C-1,,
0274,Enea,C-1,,
0275,Selene,C-1,,
0276,Didone,C-1,,
0277,Enea,C-1,,
0278,Iarba,C-4,,
0279,Didone,C-1,,
0280,Enea,C-1,,
0281,Osmida,C-4,,
0282,Iarba,C-4,,
0283,Enea,C-1,,
0284,Araspe,C-3,,
0285,Enea,C-1,,
0286,Araspe,F-4,,
0287,Iarba,C-4,,
0288,Osmida,C-4,,
0289,Selene,C-1,,
0290,Araspe,C-3,,
0291,Selene,C-1,,
0292,Enea,C-4,,
0293,Iarba,C-4,,
0294,Enea,C-1,,
0295,Didone,C-1,,
0296,Selene,C-1,,
0297,Enea,C-1,,
0298,Enea,C-1,,
0299,Araspe,C-1,,
0300,Selene,C-1,,
0301,Didone,C-1,,
0302,Araspe,C-3,,
0303,Iarba,C-4,,
0304,Iarba,C-4,,
0305,Didone,C-1,,
0306,Iarba,C-4,,
0307,Selene,C-1,,
0308,Didine&Enea&Iarba,C-1,C-1,C-4
0309,Didone&Iarba,C-1,C-4,
0310,Didone&Enea,C-1,C-1,
0311,Enea,C-1,,
0312,Enea,C-1,,
0313,Enea,C-1,,
0314,Selene,C-1,,
0315,Araspe,C-1,,
0316,Iarba,C-1,,
0317,Iarba,C-1,,
0318,Osmida,C-1,,
0319,Didone,C-1,,
0320,Enea,C-1,,
0321,Araspe,C-1,,
0322,Iarba,C-4,,
0323,Selene,C-1,,
0324,Enea,C-1,,
0325,Didone,C-1,,
0326,Iarba,C-4,,
0327,Didone,C-1,,
0328,Selene,C-1,,
0329,Iarba,C-4,,
0330,Iarba,C-4,,
0331,Didone&Enea,C-1,C-1,
0332,Araspe,C-1,,
0333,Osmida,C-4,,
0334,Enea,C-1,,
0335,Didone,C-1,,
0336,Araspe,C-1,,
0337,Selene,C-1,,
0338,Iarba,C-4,,
0339,Didone,C-1,,
0340,Selene,C-1,,
0341,Iarba,C-4,,
0342,Araspe,C-1,,
0343,Enea,C-1,,
0344,Osmida,C-1,,
0345,Enea,C-1,,
0346,Didone,C-1,,
0347,Iarba,C-4,,
0348,Araspe,C-1,,
0349,Enea,C-1,,
0350,"Didone,Enea&Iarba",C-1,C-1,C-4
0351,Didone,C-1,,
0352,Osmida,C-1,,
0353,Iarba,C-4,,
0354,Selene,C-1,,
0355,Didone,C-1,,
0356,Iarba,C-4,,
0357,Iarba,C-4,,
0358,Araspe,C-1,,
0359,Araspe,C-1,,
0360,Araspe,C-1,,
0361,Didone,C-1,,
0362,Enea,C-4,,
0363,Didone,C-1,,
0364,Didone,C-1,,
0365,Enea,C-4,,
0366,Iarba,C-4,,
0367,Didone,C-1,,
0368,Didone,C-1,,
0369,Enea,C-1,,
0370,Didone&Enea,C-1,C-1,
0371,Iarba,F-4,,
0372,Selene,C-1,,
0373,Didone,C-1,,
0374,Enea,C-1,,
0375,Didone,C-1,,
0376,Selene,C-1,,
0377,Enea,C-1,,
0378,Iarba,F-4,,
0379,Osmida,C-3,,
0380,Enea,C-1,,
0381,Osmida,C-3,,
0382,"Didone,Enea&Iarba",C-1,C-1,C-4
0383,Dircea,C-1,,
0384,Enea,C-1,,
0385,Araspe,C-4,,
0386,Timante,C-1,,
0387,Selene,C-1,,
0388,Osmida,C-3,,
0389,Creusa,C-1,,
0390,Dircea,C-1,,
0391,Demofoonte,C-3,,
0392,Didone,C-1,,
0393,Iarba,C-3,,
0394,Araspe,C-1,,
0395,Enea,C-4,,
0396,Araspe,C-1,,
0397,Iarba,C-4,,
0398,Enea,C-1,,
0399,Dircea&Timante,C-1,C-1,
0400,Adrasto,F-4,,
0401,Cherinto,C-1,,
0402,Matusio,C-4,,
0403,Creusa,C-1,,
0404,Demofoonte,C-3,,
0405,Selene,C-1,,
0406,Selene,C-1,,
0407,Cherinto,C-1,,
0408,Timante,C-1,,
0409,Creusa,C-1,,
0410,Cherinto,C-1,,
0411,Dircea,C-1,,
0412,Timante,C-1,,
0413,Demofoonte,C-3,,
0414,Araspe,C-1,,
0415,Iarba,C-3,,
0416,Iarba,F-4,,
0417,Dircea,C-1,,
0418,Demofoonte,C-3,,
0419,Timante,C-1,,
0420,Matusio,C-4,,
0421,Cherinto,C-1,,
0422,Creusa,C-1,,
0423,Araspe,C-1,,
0424,Iarba,C-3,,
0425,Selene,C-1,,
0426,Didone,C-1,,
0427,Enea,C-4,,
0428,Osmida,C-1,,
0429,Enea,C-4,,
0430,Matusio,C-4,,
0431,Dircea,C-1,,
0432,Demofoonte,C-1,,
0433,Timante,C-1,,
0434,Creusa,C-1,,
0435,Osmida,C-1,,
0436,Didone,C-1,,
0437,Selene,C-1,,
0438,Iarba,F-4,,
0439,Araspe,C-1,,
0440,Araspe,C-1,,
0441,Iarba,C-3,,
0442,Araspe,C-4,,
0443,Matusio,C-4,,
0444,Dircea,C-1,,
0445,Demofoonte,C-4,,
0446,Timante,C-1,,
0447,Cherinto,C-1,,
0448,Creusa,C-1,,
0449,Didone,C-1,,
0450,Didone,C-1,,
0451,Cherinto,C-1,,
0452,Timante,C-1,,
0453,Creusa,C-1,,
0454,Timante,C-1,,
0455,Enea,C-4,,
0456,Demofoonte,C-1,,
0457,Matusio,C-4,,
0458,Cherinto,C-1,,
0459,Creusa,C-1,,
0460,Dircea&Timante,C-1,C-1,
0461,Cherinto,C-1,,
0462,Matusio,C-4,,
0463,Matusio,C-3,,
0464,Dircea,C-1,,
0465,Demofoonte,C-4,,
0466,Dircea,C-1,,
0467,Creusa,C-1,,
0468,Osmida,C-1,,
0469,Demofoonte,C-1,,
0470,Dircea,C-1,,
0471,Dircea,C-1,,
0472,Didone,C-1,,
0473,Enea,C-1,,
0474,Didone,C-1,,
0475,Timante,C-1,,
0476,Creusa,C-1,,
0477,Cherinto,C-1,,
0478,Matusio,C-3,,
0479,Dircea,C-1,,
0480,Adrasto,C-1,,
0481,Demofoonte,C-4,,
0482,Timante,C-3,,
0483,Cherinto,C-1,,
0484,Didone&Enea,C-1,C-1,
0485,Selene,C-1,,
0486,Timante,C-1,,
0487,Matusio,C-4,,
0488,Enea,C-1,,
0489,Cherinto,C-1,,
0490,Demofoonte,C-4,,
0491,Demofoonte,C-4,,
0492,Dircea,C-1,,
0493,Selene,C-1,,
0494,Creusa,C-3,,
0495,Cherinto,C-1,,
0496,Dircea,C-1,,
0497,Timante,C-3,,
0498,Creusa,C-3,,
0499,Timante,C-3,,
0500,Dircea,C-1,,
0501,Timante,C-1,,
0502,Matusio,C-1,,
0503,Demofoonte,C-4,,
0504,Matusio,C-3,,
0505,Adrasto,C-1,,
0506,Didone,C-1,,
0507,Timante,C-1,,
0508,Demofoonte,C-4,,
0509,Cherinto,C-1,,
0510,Timante,C-1,,
0511,Dircea&Timante,C-1,C-1,
0512,Dircea,C-1,,
0513,Cherinto,C-1,,
0514,Creusa,C-3,,
0515,Iarba,C-4,,
0516,Iarba,C-4,,
0517,Matusio,C-4,,
0518,Dircea,C-1,,
0519,Demofoonte,C-4,,
0520,Timante,C-1,,
0521,Cherinto,C-1,,
0522,Creusa,C-1,,
0523,Cherinto,C-1,,
0524,Dircea,C-1,,
0525,Timante,C-1,,
0526,Creusa,C-1,,
0527,Timante,C-1,,
0528,Matusio,C-4,,
0529,Cherinto,C-1,,
0530,Demofoonte,C-4,,
0531,Dircea&Timante,C-1,C-1,
0532,Adrasto,C-1,,
0533,Cherinto,C-1,,
0534,Matusio,C-4,,
0535,Demofoonte,C-4,,
0536,Dircea,C-1,,
0537,Creusa,C-1,,
0538,Creusa,C-1,,
0539,Demofoonte,C-4,,
0540,Matusio,C-3,,
0541,Dircea,C-1,,
0542,Timante,C-1,,
0543,Dircea&Timante,C-1,C-1,
0544,Timante,C-1,,
0545,Cherinto,C-1,,
0546,Matusio,C-4,,
0547,Demofoonte,C-4,,
0548,Dircea,C-1,,
0549,"Dircea,Timante&Demofoonte",C-1,C-3,C-4
0550,Adrasto,C-1,,
0551,Cherinto,C-1,,
0552,Timante,C-3,,
0553,Demofoonte,C-4,,
0554,Dircea,C-1,,
0555,Creusa,C-3,,
0556,Creusa,C-1,,
0557,Demofoonte,C-4,,
0558,Creusa,C-3,,
0559,Demofoonte,C-4,,
0560,Adrasto,C-3,,
0561,Matusio,C-4,,
0562,Dircea,C-1,,
0563,Demofoonte,C-4,,
0564,Timante,C-1,,
0565,Creusa,C-1,,
0566,Cherinto,C-3,,
0567,Dircea,C-1,,
0568,Timante,C-1,,
0569,Creusa,C-1,,
0570,Timante,C-1,,
0571,Demofoonte,C-4,,
0572,Cherinto,C-3,,
0573,Creusa,C-1,,
0574,Demofoonte,C-4,,
0575,Dircea&Timante,C-1,C-1,
0576,Adrasto,C-1,,
0577,Cherinto,C-3,,
0578,Demofoonte,C-4,,
0579,Dircea,C-1,,
0580,Cherinto,C-4,,
0581,Matusio,C-4,,
0582,Cherinto,C-4,,
0583,Matusio,C-4,,
0584,Dircea,C-1,,
0585,Demofoonte,C-4,,
0586,Timante,C-1,,
0587,Cherinto,C-3,,
0588,Creusa,C-1,,
0589,Cherinto,C-3,,
0590,Dircea,C-1,,
0591,Creusa,C-1,,
0592,Timante,C-1,,
0593,Demofoonte,C-4,,
0594,Matusio,C-4,,
0595,Dircea,C-1,,
0596,Cherinto,C-3,,
0597,Creusa,C-1,,
0598,Matusio,C-4,,
0599,Timante,C-1,,
0600,Dircea,C-1,,
0601,Cherinto,C-3,,
0602,Creusa,C-1,,
0603,Adrasto,C-1,,
0604,Demofoonte,C-4,,
0605,Timante,C-1,,
0606,Dircea&Timante,C-1,C-1,
0607,Adrasto,C-1,,
0608,Demofoonte,C-4,,
0609,Dircea,C-1,,
0610,Creusa,C-1,,
0611,Cherinto,C-1,,
0612,Demofoonte,C-4,,
0613,Matusio,C-4,,
0614,Dircea,C-1,,
0615,Demofoonte,C-4,,
0616,Timante,C-1,,
0617,Cherinto,C-1,,
0618,Creusa,C-1,,
0619,Cherinto,C-1,,
0620,Timante,C-1,,
0621,Dircea,C-1,,
0622,Timante,C-1,,
0623,Demofoonte,C-4,,
0624,Matusio,C-4,,
0625,"Dircea,Timante",C-1,C-1,
0626,Dircea,C-1,,
0627,Cherinto,C-1,,
0628a,Creusa,C-1,,
0628b,Creusa,C-1,,
0629,Demofoonte,C-4,,
0630,Adrasto,C-1,,
0631,Cherinto,C-1,,
0632,Matusio,C-4,,
0633,Creusa,C-1,,
0634,Dircea,C-1,,
0635,Gandarte,C-4,,
0636,Poro,C-1,,
0637,Alessandro,C-1,,
0638,Erissena,C-1,,
0639,Timagene,C-3,,
0640,Poro,C-1,,
0641,Cleofide,C-1,,
0642,Poro,C-1,,
0643,Erissena,C-1,,
0644,Gandarte,C-4,,
0645,Alessandro,C-1,,
0646,"Cleofide,Poro",C-1,C-1,
0647,Erissena,C-1,,
0648,Poro,C-1,,
0649,Alessandro,C-1,,
0650,Cleofide,C-1,,
0651,Poro,C-1,,
0652,Timagene,C-3,,
0653,Alessandro,C-1,,
0654,"Cleofide,Poro",C-1,,
0655,Gandarte,C-4,,
0656,Erissena,C-1,,
0657,Poro,C-1,,
0658,Cleofide,C-1,,
0659,Erissena,C-1,,
0660,Alessandro,C-1,,
0661,Poro,C-1,,
0662,Gandarte,C-4,,
0663,Erissena,C-1,,
0664,Cleofide,C-1,,
0665,Selene,C-1,,
0666,Enea,C-1,,
0667,Selene,C-1,,
0668,Gandarte,C-1,,
0669,Poro,C-1,,
0670,Alessandro,C-1,,
0671,Erissena,C-1,,
0672,Timagene,C-1,,
0673,Poro,C-1,,
0674,Cleofide,C-1,,
0675,Poro,C-1,,
0676,Gandarte,C-1,,
0677,Alessandro,C-4,,
0678,"Cleofide,Poro",C-1,C-1,
0679,Gandarte,C-1,,
0680,Erissena,C-3,,
0681,Alessandro,C-4,,
0682,Cleofide,C-1,,
0683,Poro,C-1,,
0684,Osmida,C-4,,
0685,Iarba,C-4,,
0686,Araspe,C-3,,
0687,Iarba,C-4,,
0688,Osmida,C-4,,
0689,Selene,C-1,,
0690,Poro,C-1,,
0691,Alessandro,C-4,,
0692,Erissena,C-1,,
0693,Timagene,C-1,,
0694,Poro,C-1,,
0695,Cleofide,C-1,,
0696,Gandarte,C-4,,
0697,"Cleofide,Poro",C-1,C-1,
0698,Poro,C-1,,
0699,Gandarte,C-4,,
0700,Alessandro,C-4,,
0701,Cleofide,C-1,,
0702,Cleofide,C-1,,
0703,Alessandro,C-4,,
0704,Timagene,C-1,,
0705,Poro,C-1,,
0706,Gandarte,C-1,,
0707,Erissena,C-3,,
0708,Cleofide,C-1,,
0709,Cleofide,C-1,,
0710,Poro,C-1,,
0711,Alessandro,C-4,,
0712,Cleofide,C-1,,
0713,Gandarte,C-4,,
0714,Erissena,C-1,,
0715,Cleofide,C-1,,
0716,Timagene,C-1,,
0717,Poro,C-1,,
0718,Erissena,C-1,,
0719,Alessandro,C-4,,
0720,Cleofide,C-1,,
0721,Poro,C-3,,
0722,Alessandro,C-3,,
0723,Erissena,C-1,,
0724,Timagene,C-3,,
0725,Poro,C-3,,
0726,Cleofide,C-1,,
0727,Poro,C-3,,
0728,Cleofide,C-1,,
0729,Gandarte,C-1,,
0730,Alessandro,C-3,,
0731,"Cleofide,Poro",C-1,C-3,
0732,Gandarte,C-1,,
0733,Poro,C-3,,
0734,Alessandro,C-3,,
0735,Cleofide,C-1,,
0736,Timagene,C-3,,
0737,Alessandro,C-3,,
0738,Gandarte,C-1,,
0739,Erissena,C-1,,
0740,Cleofide,C-1,,
0741,Gandarte,C-1,,
0742,Cleofide,C-1,,
0743,Erissena,C-1,,
0744,Alessandro,C-3,,
0745,Timagene,C-3,,
0746,Poro,C-3,,
0747,Cleofide,C-1,,
0748,Poro,C-1,,
0749,Alessandro,C-4,,
0750,Erissena,C-1,,
0751,Timagene,C-4,,
0752,Poro,C-1,,
0753,Cleofide,C-1,,
0754,Gandarte,C-1,,
0755,"Cleofide,Poro",C-1,C-1,
0756,Gandarte,C-1,,
0757,Erissena,C-1,,
0758,Cleofide,C-1,,
0759,Poro,C-1,,
0760,Alessandro,C-4,,
0761,Cleofide,C-1,,
0762,Alessandro,C-4,,
0763,Poro,C-1,,
0764,Gandarte,C-1,,
0765,Erissena,C-1,,
0766,Cleofide,C-1,,
0767,Enea,C-1,,
0768,Araspe,C-3,,
0769,Iarba,C-4,,
0770,Enea,C-1,,
0771,Enea,C-1,,
0772,Didone,C-1,,
0773,Didone,C-1,,
0774,Didone,C-1,,
0775,Matusio,C-4,,
0776,Dircea,C-1,,
0777,Demofoonte,C-4,,
0778,Adrasto,C-3,,
0779,Timante,C-1,,
0780,Cherinto,C-1,,
0781,Creusa,C-1,,
0782,Cherinto,C-1,,
0783,Dircea,C-1,,
0784,Timante,C-1,,
0785,Timante,C-1,,
0786,Demofoonte,C-4,,
0787,Matusio,C-4,,
0788,Cherinto,C-1,,
0789,Creusa,C-1,,
0790,Demofoonte,C-4,,
0791,"Dircea,Timante",C-1,C-1,
0792,Adrasto,C-3,,
0793,Cherinto,C-1,,
0794,Matusio,C-4,,
0795,Demofoonte,C-4,,
0796,Dircea,C-1,,
0797,Creusa,C-1,,
0798,Didone,C-1,,
0799,Gandarte,C-3,,
0800,Cleofide,C-1,,
0801,Alessandro,C-4,,
0802,Cleofide,C-1,,
0803,Timagene,C-1,,
0804,Cleofide,C-1,,
0805,Alessandro,C-4,,
0806,Gandarte,C-3,,
0807,Poro,C-1,,
0808,Cherinto,C-1,,
0809,Didone,C-1,,
0810,Selene,C-1,,
0811,Poro,C-1,,
0812,Alessandro,C-4,,
0813,Erissena,C-1,,
0814,Poro,C-1,,
0815,Cleofide,C-1,,
0816,Gandarte,C-1,,
0817,"Cleofide,Poro",C-1,C-1,
0818,Erissena,C-1,,
0819,Alessandro,C-4,,
0820,Cleofide,C-1,,
0821,Poro,C-1,,
0822,Timagene,C-3,,
0823,Gandarte,C-1,,
0824,Alessandro,C-4,,
0825,Cleofide,C-1,,
0826,Cleofide,C-1,,
0827,Erissena,C-1,,
0828,Alessandro,C-4,,
0829,Poro,C-1,,
0830,Gandarte,C-1,,
0831,"Didone,Enea&Iarba",C-1,C-1,C-4
0832,Araspe,C-3,,
0833,Gandarte,C-1,,
0834,Alessandro,C-4,,
0835,Timagene,C-4,,
0836,Poro,C-1,,
0837,Cleofide,C-1,,
0838,Poro,C-1,,
0839,Erissena,C-1,,
0840,Alessandro,C-4,,
0841,"Cleofide,Poro",C-1,C-1,
0842,Erissena,C-1,,
0843,Poro,C-1,,
0844,Cleofide,C-1,,
0845,Poro,C-1,,
0846,Alessandro,C-4,,
0847,Cleofide,C-1,,
0848,Gandarte,C-1,,
0849,Cleofide,C-1,,
0850,Alessandro,C-4,,
0851,Poro,C-1,,
0852,Gandarte,C-1,,
0853,Erissena,C-1,,
0854,Cleofide,C-1,,
0855,Timante,C-1,,
0856,Cherinto,C-1,,
0857,Dircea,C-1,,
0858,Timante,C-1,,
0859,Creusa,C-1,,
0860,Demofoonte,C-4,,
0861,Matusio,C-3,,
0862,Cherinto,C-1,,
0863,Creusa,C-1,,
0864,Demofoonte,C-4,,
0865,"Dircea,Timante",C-1,C-1,
0866,Adrasto,F-4,,
0867,Cherinto,C-1,,
0868,Matusio,C-3,,
0869,Demofoonte,C-4,,
0870,Gandarte,C-1,,
0871,Poro,C-1,,
0872,Alessandro,C-4,,
0873,Erissena,C-1,,
0874,Poro,C-1,,
0875,Cleofide,C-1,,
0876,"Cleofide,Poro",C-1,C-1,
0877a,Gandarte,C-3,,
0877b,Gandarte,C-3,,
0878,Erissena,C-1,,
0879,Poro,C-1,,
0880,Alessandro,C-4,,
0881,Timagene,C-4,,
0882,Gandarte,C-1,,
0883,Cleofide,C-1,,
0884,Poro,C-1,,
0885,Cleofide,C-1,,
0886,Timante,C-1,,
0887,Cherinto,C-1,,
0888,Demofoonte,C-4,,
0889,Dircea,C-1,,
0890,Timante,C-1,,
0891,Adrasto,C-3,,
0892,Cherinto,C-1,,
0893,Demofoonte,C-4,,
0894,Dircea,C-1,,
0895,Creusa,C-1,,
0896,Dircea,C-1,,
0897,Gandarte,C-1,,
0898,Poro,C-1,,
0899,Alessandro,C-4,,
0900,Erissena,C-1,,
0901,Poro,C-1,,
0902,Poro,C-1,,
0903,Gandarte,C-1,,
0904,Alessandro,C-4,,
0905,Poro,C-1,,
0906,Poro,C-1,,
0907,Alessandro,C-4,,
0908,Gandarte,C-1,,
0909,Alessandro,C-4,,
0910,Poro,C-1,,
0911,Gandarte,C-1,,
0912,Erissena,C-1,,
0913,Erissena,C-1,,
0914,Cleofide,C-3,,
0915,Cleofide,C-3,,
0916,Erissena,C-1,,
0917,Cleofide,C-3,,
0918,Cleofide,C-3,,
0919,Demofoonte,C-4,,
0920,Matusio,C-1,,
0921,Dircea,C-1,,
0922,Timante,C-1,,
0923,Creusa,C-1,,
0924,Cherinto,C-1,,
0925,"Dircea,Timante,Matusio",C-1,C-1,C-1
0926,Creusa,C-1,,
0927,Timante,C-1,,
0928,Demofoonte,C-4,,
0929,Matusio,C-1,,
0930,Creusa,C-1,,
0931,Cherinto,C-1,,
0932,Demofoonte,C-4,,
0933,Adrasto,C-1,,
0934,Demofoonte,C-4,,
0935,"Dircea,Timante",C-1,C-1,
0936,Dircea,C-1,,
0937,Creusa,C-1,,
0938,Matusio,C-3,,
0939,Dircea,C-1,,
0940,Demofoonte,C-4,,
0941,Timante,C-1,,
0942,Creusa,C-1,,
0943,Cherinto,C-1,,
0944,"Dircea,Timante,Matusio",C-1,C-1,C-1
0945,Matusio,C-3,,
0946,Creusa,C-1,,
0947,Timante,C-1,,
0948,Demofoonte,C-4,,
0949,Cherinto,C-1,,
0950,Demofoonte,C-1,,
0951,"Dircea,Timante",C-1,C-1,
0952,Adrasto,C-1,,
0953,Timante,C-1,,
0954,Dircea,C-1,,
0955,Timagene,C-3,,
0956,"Poro,Cleofide",C-1,C-3,
0957,Timagene,C-3,,
0958,Gandarte,C-3,,
0959,Poro,C-1,,
0960,Alessandro,C-4,,
0961,Erissena,C-3,,
0962,Poro,C-1,,
0963,Cleofide,C-1,,
0964,Poro,C-1,,
0965,Erissena,C-3,,
0966,Alessandro,C-4,,
0967,"Cleofide,Poro",C-1,C-1,
0968,Alessandro,C-4,,
0969,Cleofide,C-1,,
0970,Poro,C-1,,
0971,Cleofide,C-1,,
0972,Gandarte,C-3,,
0973,Erissena,C-3,,
0974,Poro,C-1,,
0975,Cleofide,C-1,,
0976,Erissena,C-3,,
0977,Alessandro,C-4,,
0978,Poro,C-1,,
0979,Gandarte,C-3,,
0980,Erissena,C-3,,
0981,"Dircea,Timante",C-1,C-1,
0982,Poro,C-1,,
0983,Alessandro,C-4,,
0984,Erissena,C-1,,
0985,Poro,C-1,,
0986,Cleofide,C-1,,
0987,Gandarte,C-1,,
0988,"Cleofide,Poro",C-1,C-1,
0989,Erissena,C-1,,
0990,Poro,C-1,,
0991,Gandarte,C-1,,
0992,Cleofide,C-1,,
0993,Timagene,C-4,,
0994,Poro,C-1,,
0995,Alessandro,C-4,,
0996,Cleofide,C-1,,
0997,Alessandro,C-4,,
0998,Poro,C-1,,
0999,Gandarte,C-1,,
1000,Poro,C-1,,
1001,Alessandro,C-4,,
1002,Poro,C-1,,
1003,Cleofide,C-1,,
1004,Erissena,C-1,,
1005,Alessandro,C-4,,
1006,"Cleofide,Poro",C-1,C-1,
1007,Gandarte,C-1,,
1008,Erissena,C-1,,
1009,Poro,C-1,,
1010,Alessandro,C-4,,
1011,Cleofide,C-1,,
1012,Poro,C-1,,
1013,Timagene,C-1,,
1014,Cleofide,C-1,,
1015,Cleofide,C-1,,
1016,Alessandro,C-4,,
1017,Poro,C-1,,
1018,Poro,C-1,,
1019,Alessandro,C-4,,
1020,Erissena,C-1,,
1021,Poro,G-2,,
1022,Cleofide,C-1,,
1023,Gandarte,C-3,,
1024,"Cleofide,Alessandro",C-1,C-4,
1025,Alessandro,C-4,,
1026,"Cleofide,Poro",C-1,C-1,
1027,Erissena,C-1,,
1028,"Cleofide,Poro,Alessandro",C-1,C-1,C-4
1029,Timagene,C-4,,
1030,Alessandro,C-4,,
1031,Cleofide,C-1,,
1032,Gandarte,C-3,,
1033,"Cleofide,Poro,Alessandro",C-1,C-1,C-4
1034,Gandarte,C-1,,
1035,Poro,C-1,,
1036,Alessandro,C-1,,
1037,Erissena,C-1,,
1038,Cleofide,C-1,,
1039,Poro,C-1,,
1040,Cleofide,C-1,,
1041,Poro,C-1,,
1042,Gandarte,C-1,,
1043,Gandarte,C-1,,
1044,Alessandro,C-1,,
1045,Matusio,C-4,,
1046,Erissena,C-1,,
1047,Dircea,C-1,,
1048,Alessandro,C-1,,
1049,Cleofide,C-1,,
1050,Poro,C-1,,
1051,Timagene,C-1,,
1052,Alessandro,C-1,,
1053,Gandarte,C-4,,
1054,Poro,C-1,,
1055,Alessandro,C-1,,
1056,Erissena,C-1,,
1057,Timagene,C-3,,
1058,Poro,C-1,,
1059,Cleofide,C-1,,
1060,Poro,C-1,,
1061,Poro,C-1,,
1062,Erissena,C-1,,
1063,Gandarte,C-4,,
1064,Alessandro,C-1,,
1065,Cleofide,C-1,,
1066,Alessandro,C-1,,
1067,Timagene,C-3,,
1068,Poro,C-1,,
1069,Gandarte,C-4,,
1070,Erissena,C-1,,
1071,Cleofide,C-1,,
1072,Poro,C-1,,
1073,Alessandro,C-4,,
1074,Erissena,C-1,,
1075,Poro,C-1,,
1076,Cleofide,C-1,,
1077,Gandarte,C-1,,
1078,"Cleofide,Poro",C-1,C-1,
1079,Erissena,C-1,,
1080,Poro,C-1,,
1081,Poro,C-1,,
1082,Timagene,C-4,,
1083,Cleofide,C-1,,
1084,Gandarte,C-4,,
1085,Alessandro,C-1,,
1086,Erissena,C-1,,
1087,Alessandro,C-1,,
1088,Gandarte,C-4,,
1089,Erissena,C-1,,
1090,Alessandro,C-1,,
1091,Alessandro,C-1,,
1092,Alessandro,C-1,,
1093,Poro,C-1,,
1094,Gandarte,C-4,,
1095,Erissena,C-1,,
1096,Erissena,C-1,,
1097,Erissena,C-1,,
1098,Poro,C-1,,
1099,Erissena,C-1,,
1100,Poro,C-1,,
1101,Cleofide,C-1,,
1102,"Cleofide,Poro",C-1,C-1,
1103,Timagene,C-3,,
1104,Matusio,C-4,,
1105,Dircea,C-1,,
1106,Demofoonte,C-4,,
1107,Creusa,C-1,,
1108,Cleofide,C-1,,
1109,Gandarte,C-3,,
1110,Poro,C-1,,
1111,Alessandro,C-4,,
1112,Erissena,C-1,,
1113,Poro,C-1,,
1114,Cleofide,C-1,,
1115,"Cleofide,Poro,Alessandro",C-1,C-1,C-4
1116,Poro,C-1,,
1117,Cleofide,C-1,,
1118,Gandarte,C-1,,
1119,Cleofide,C-1,,
1120,Timagene,C-1,,
1121,Erissena,C-1,,
1122,Cleofide,C-1,,
1123,Poro,C-1,,
1124,Cleofide,C-1,,
1125,Poro,C-1,,
1126,Alessandro,C-1,,
1127,Timagene,C-1,,
1128,Poro,C-1,,
1129,Poro,C-1,,
1130,Poro,C-1,,
1131,Erissena,C-1,,
1132,Alessandro,C-4,,
1133,"Cleofide,Poro",C-1,C-1,
1134,Erissena,C-1,,
1135,Poro,C-1,,
1136,Gandarte,C-1,,
1137,Timagene,C-1,,
1138,Cleofide,C-1,,
1139,Timagene,C-1,,
1140,Poro,C-1,,
1141,Gandarte,C-1,,
1142,Alessandro,C-4,,
1143,"Cleofide,Poro",C-1,C-1,
1144,Didone,C-1,,
1145,Didone,C-1,,
1146,Enea,C-1,,
1147,Osmida,C-3,,
1148,Araspe,C-1,,
1149,Erissena,C-1,,
1150,Poro,C-1,,
1151,Cleofide,C-1,,
1152,Alessandro,C-4,,
1153,Timagene,C-1,,
1154,Cleofide,C-1,,
1155,Poro,C-1,,
1156,Cleofide,C-1,,
1157,Gandarte,C-1,,
1158,Alessandro,C-4,,
1159,Didone,C-1,,
1160,Cleofide,C-1,,
1161,Iarba,C-4,,
1162,Enea,C-3,,
1163,Poro,C-1,,
1164,Gandarte,C-1,,
1165,Selene,C-1,,
1166,Didone,C-1,,
1167,Iarba,C-4,,
1168,Matusio,C-4,,
1169,Erissena,C-1,,
1170,"Cleofide,Poro",C-1,C-1,
1171,Poro,C-1,,
1172,Dircea,C-1,,
1173,Creusa,C-1,,
1174,Adriasto,C-4,,
1175,Demofoonte,C-4,,
1176,Timante,C-1,,
1177,Creusa,C-1,,
1178,Dircea,C-1,,
1179,Timante,C-1,,
1180,Matusio,C-4,,
1181,Cherinto,C-1,,
1182,Demofoonte,C-4,,
1183,Adriasto,C-1,,
1184,Cherinto,C-1,,
1185,Demofoonte,C-4,,
1186,Dircea,C-1,,
1187,"Dircea,Timante",C-1,C-1,
1188,Gandarte,C-1,,
1189,Poro,C-1,,
1190,Alessandro,C-4,,
1191,Alessandro,C-4,,
1192,Erissena,C-3,,
1193,Cleofide,C-1,,
1194,Cleofide,C-1,,
1195,Erissena,C-3,,
1196,Cleofide,C-1,,
1197,Poro,C-1,,
1198,Poro,C-1,,
1199,Alessandro,C-4,,
1200,Gandarte,C-1,,
1201,Poro,C-1,,
1202,Cleofide,C-1,,
1203,Poro,C-3,,
1204,Alessandro,C-4,,
1205,Erissena,C-1,,
1206,Timagene,C-4,,
1207,Dircea,C-1,,
1208,Demofoonte,C-4,,
1209,Cherinto,C-1,,
1210,Creusa,C-3,,
1211,Dircea,C-1,,
1212,Timante,C-1,,
1213,Timante,C-1,,
1214,Matusio,C-4,,
1215,Cherinto,C-1,,
1216,"Cleofide,Poro",C-1,C-1,
1217,Poro,C-1,,
1218,Cleofide,C-1,,
1219,Timagene,C-1,,
1220,Poro,C-1,,
1221,"Cleofide,Poro",C-1,C-1,
1222,Cleofide,C-1,,
1223,Gandarte,C-1,,
1224,Erissena,C-1,,
1225,Alessandro,C-4,,
1226,Demofoonte,C-4,,
1227,"Dircea,Timante",C-1,C-1,
1228,Adriasto,C-1,,
1229,Cherinto,C-1,,
1230,Demofoonte,C-4,,
1231,Dircea,C-1,,
1232,Creusa,C-1,,
1233,Poro,C-3,,
1234,Gandarte,C-1,,
1235,Cleofide,C-1,,
1236,Matusio,C-4,,
1237,Dircea,C-1,,
1238,Creusa,C-1,,
1239,Erissena,C-1,,
1240,Cherinto,C-1,,
1241,Timante,C-1,,
1242,Creusa,C-1,,
1243,Dircea,C-1,,
1244,Poro,C-1,,
1245,Poro,C-1,,
1246,Demofoonte,C-4,,
1247,Poro,C-1,,
1248,Cleofide,C-1,,
1249,Alessandro,C-4,,
1250,Timagene,F-4,,
1251,Erissena,C-1,,
1252,Erissena,C-1,,
1253,Cleofide,C-1,,
1254,Erissena,C-1,,
1255,Erissena,C-1,,
1256,Erissena,C-1,,
1257,Gandarte,C-1,,
1258,Gandarte,C-1,,
1259,Timante,C-1,,
1260,Dircea,C-1,,
1261,Timante,C-1,,
1262,Gandarte,C-3,,
1263,Poro,C-1,,
1264,Poro,C-1,,
1265,Dircea,C-1,,
1266,Alessandro,C-4,,
1267,Erissena,C-1,,
1268,Timagene,C-1,,
1269,Alessandro,C-4,,
1270,Alessandro,C-1,,
1271,Gandarte,C-1,,
1272,Cleofide,C-1,,
1273,Alessandro,C-1,,
1274,Poro,C-1,,
1275,Cleofide,C-1,,
1276,Poro,C-1,,
1277,Gandarte,C-1,,
1278,"Cleofide,Poro",C-1,C-1,
1279,Cleofide,C-1,,
1280,Poro,C-1,,
1281,Timagene,C-1,,
1282,Erissena,C-1,,
1283,Timagene,C-1,,
1284,Poro,C-1,,
1285,Erissena,C-1,,
1286,Creusa,C-1,,
1287,Matusio,C-4,,
1288,Dircea,C-1,,
1289,Timante,C-1,,
1290,Timante,C-1,,
1291,Erissena,C-1,,
1292,Poro,C-1,,
1293,Cleofide,C-1,,
1294,Erissena,C-1,,
1295,Cleofide,C-1,,
1296,Erissena,C-1,,
1297,Cleofide,C-1,,
1298,Cleofide,C-1,,
1299,Erissena,C-1,,
1300,Timagene,C-3,,
1301,Poro,C-1,,
1302,Cleofide,C-1,,
1303,"Cleofide,Poro",C-1,C-1,
1304,Poro,C-1,,
1305,Alessandro,C-4,,
1306,Erissena,C-1,,
1307,Poro,C-1,,
1308,Cleofide,C-1,,
1309,"Cleofide,Poro",C-1,C-1,
1310,Erissena,C-1,,
1311,Gandarte,C-3,,
1312,Poro,C-1,,
1313,Timagene,F-4,,
1314,Gandarte,C-3,,
1315,Poro,C-1,,
1316,Poro,C-1,,
1317,Poro,C-1,,
1318,Cleofide,C-1,,
1319,Cleofide,C-1,,
1320,Gandarte,C-1,,
1321,Poro,C-1,,
1322,Cleofide,C-1,,
1323,Poro,C-1,,
1324,Alessandro,C-4,,
1325,Alessandro,C-4,,
1326,Poro,C-1,,
1327,Alessandro,C-4,,
1328,Timagene,C-1,,
1329,Poro,C-1,,
1330,Cherinto,C-1,,
1331,Alessandro,C-4,,
1332,Poro,C-1,,
1333,Alessandro,C-4,,
1334,Alessandro,C-4,,
1335,Poro,C-1,,
1336,Gandarte,C-3,,
1337,Erissena,C-1,,
1338,Cleofide,C-1,,
1339,Poro,C-1,,
1340,Erissena,C-1,,
1341,Gandarte,C-1,,
1342,Poro,C-1,,
1343,Alessandro,C-1,,
1344,Erissena,C-1,,
1345,Poro,C-1,,
1346,Erissena,C-1,,
1347,Timagene,F-4,,
1348,Erissena,C-1,,
1349,Timagene,C-1,,
1350,Poro,C-1,,
1351,Poro,C-1,,
1352,Cleofide,C-1,,
1353,"Cleofide,Poro",C-1,C-1,
1354,Alessandro,C-4,,
1355,Timagene,C-1,,
1356,"Cleofide,Poro",C-1,C-1,
1357,Poro,C-1,,
1358,Alessandro,C-4,,
1359,Erissena,C-1,,
1360,Iarba,C-4,,
1361,Araspe,C-3,,
1362,Iarba,C-4,,
1363,Selene,C-1,,
1364,Iarba,C-4,,
1365,Selene,C-1,,
1366,Araspe,C-3,,
1367,Didone,C-1,,
1368,Cleofide,C-1,,
1369,"Cleofide,Poro",C-1,C-1,
1370,Gandarte,C-1,,
1371,Cleofide,C-1,,
1372,Alessandro,C-1,,
1373,Cleofide,C-1,,
1374,Poro,C-1,,
1375,Timagene,C-1,,
1376,Alessandro,C-1,,
1377,Cleofide,C-1,,
1378,Gandarte,C-1,,
1379,Erissena,C-1,,
1380,Cleofide,C-1,,
1381,Alessandro,C-1,,
1382,Poro,C-1,,
1383,Gandarte,C-1,,
1384,Erissena,C-1,,
1385,Cleofide,C-1,,
1386,Gandarte,C-3,,
1387,Alessandro,C-4,,
1388,Erissena,C-1,,
1389,Timagene,C-3,,
1390,Poro,C-1,,
1391,Erissena,C-1,,
1392,Timagene,C-3,,
1393,Erissena,C-1,,
1394,Timagene,C-1,,
1395,Poro,C-1,,
1396,Erissena,C-1,,
1397,"Cleofide,Poro",C-1,C-1,
1398,Gandarte,C-1,,
1399,Alessandro,C-4,,
1400,Cleofide,C-1,,
1401,Alessandro,C-4,,
1402,Osmida,C-1,,
1403,Enea,C-1,,
1404,Timante,C-1,,
1405,"Dircea,Timante",C-1,C-1,
1406,Cleofide,C-1,,
1407,Poro,C-1,,
1408,Cleofide,C-1,,
1409,"Cleofide,Poro",C-1,C-1,
1410,Erissena,C-1,,
1411,Poro,C-1,,
1412,Gandarte,C-3,,
1413,Cleofide,C-1,,
1414,Timagene,C-3,,
1415,Cleofide,C-1,,
1416,Alessandro,F-4,,
1417,Timagene,C-3,,
1418,Erissena,C-1,,
1419,Poro,C-1,,
1420,Alessandro,C-1,,
1421,Alessandro,C-1,,
1422,Cleofide,C-1,,
1423,Poro,C-1,,
1424,Cleofide,C-1,,
1425,Alessandro,C-4,,
1426,Gandarte,C-3,,
1427,Poro,C-1,,
1428,Alessandro,C-1,,
1429,Poro,C-1,,
1430,Gandarte,C-1,,
1431,Poro,C-1,,
1432,Alessandro,C-4,,
1433,Erissena,C-1,,
1434,Poro,C-1,,
1435,Cleofide,C-1,,
1436,"Cleofide,Poro",C-1,C-1,
1437,Gandarte,C-1,,
1438,Erissena,C-1,,
1439,Poro,C-1,,
1440,Cleofide,C-1,,
1441,Poro,C-1,,
1442,Alessandro,C-4,,
1443,Enea,C-1,,
1444,Selene,C-1,,
1445,Enea,C-1,,
1446,Enea,C-1,,
1447,Enea,C-1,,
1448,Enea,C-1,,
1449,Enea,C-1,,
1450,Cleofide,C-1,,
1451,Erissena,C-1,,
1452,"Dircea,Timante,Demofoonte",C-1,C-1,C-4
1453,Poro,C-1,,
1454,Alessandro,C-4,,
1455,Timagene,C-1,,
1456,Poro,C-1,,
1457,Poro,C-1,,
1458,Cleofide,C-1,,
1459,Alessandro,C-4,,
1460,Poro,C-1,,
1461,Selene,C-1,,
1462,Selene,C-1,,
1463,Selene,C-1,,
1464,Alessandro,F-4,,
1465,Gandarte,C-3,,
1466,Iarba,C-1,,
1467,Selene,C-1,,
1468,Iarba,C-1,,
1469,,,,
1470,,,,
1471,,,,
1472,,,,
1473,,,,
1474,,,,
1475,,,,
1476,,,,
1477,,,,
1478,,,,
1479,,,,
1480,,,,
1481,,,,
1482,,,,
1483,,,,
1484,,,,
1485,,,,
1486,,,,
1487,,,,
1488,,,,
1489,,,,
1490,,,,
1491,,,,
1492,,,,
1493,,,,
1494,,,,
